,population,site,required_gdus,scenario_1_harvest_quantity,scenario_2_harvest_quantity,original_planting_day,early_planting_day,late_planting_day
0,p_1,1,1059,368,266,0,0,48
1,p_2,1,1056,367,519,0,0,26
2,p_3,1,1055,290,463,4,5,52
3,p_4,1,975,283,409,1,0,47
4,p_5,1,1069,194,585,4,0,35
5,p_6,1,1064,203,552,3,5,30
6,p_7,1,1050,219,229,0,3,48
7,p_8,1,1145,182,521,4,0,20
8,p_9,1,1159,148,365,1,5,51
9,p_10,1,1155,253,495,0,1,58
10,p_11,1,1153,229,584,0,0,51
11,p_12,1,1142,123,212,0,2,21
12,p_13,1,1068,274,243,0,0,30
13,p_14,1,1154,269,368,0,3,46
14,p_15,1,1044,122,359,0,0,40
15,p_16,1,1150,142,199,1,0,32
16,p_17,1,1134,173,199,3,0,47
17,p_18,1,998,261,477,9,0,58
18,p_19,1,992,283,221,10,6,52
19,p_20,1,988,255,305,8,0,56
20,p_21,1,980,231,76,7,0,62
21,p_22,1,1079,327,167,7,1,28
22,p_23,1,987,251,682,13,0,44
23,p_24,1,1063,300,448,2,4,36
24,p_25,1,1059,185,279,6,0,40
25,p_26,1,1083,293,321,10,2,67
26,p_27,1,1085,468,278,11,0,70
27,p_28,1,1076,389,445,9,8,60
28,p_29,1,1006,267,351,5,8,42
29,p_30,1,997,326,584,3,4,56
30,p_31,1,1073,307,447,1,0,37
31,p_32,1,1082,250,450,4,0,45
32,p_33,1,1095,365,385,4,0,46
33,p_34,1,1164,411,445,12,7,49
34,p_35,1,1082,292,410,5,1,43
35,p_36,1,1075,339,263,3,1,57
36,p_37,1,1185,316,491,8,1,31
37,p_38,1,1174,273,211,4,4,44
38,p_39,1,1172,254,406,3,0,31
39,p_40,1,1162,75,221,6,1,65
40,p_41,1,1173,215,307,3,7,54
41,p_42,1,1159,292,84,8,6,42
42,p_43,1,1264,234,281,4,0,56
43,p_44,1,1266,305,445,8,0,68
44,p_45,1,1181,369,326,7,0,68
45,p_46,1,1064,215,419,1,3,49
46,p_47,1,1158,220,317,6,10,36
47,p_48,1,1184,381,344,6,10,26
48,p_49,1,1165,295,493,7,4,53
49,p_50,1,1083,304,96,6,1,32
50,p_51,1,1094,166,531,0,4,39
51,p_52,1,1277,138,653,4,0,67
52,p_53,1,1169,174,175,6,0,41
53,p_54,1,984,416,255,8,7,56
54,p_55,1,989,287,431,4,0,39
55,p_56,0,1276,245,638,0,1,57
56,p_57,0,1265,350,355,2,3,51
57,p_58,0,1266,224,326,4,0,59
58,p_59,0,1343,109,336,0,3,40
59,p_60,0,1359,282,543,0,2,42
60,p_61,0,1253,162,698,4,6,59
61,p_62,0,1356,257,373,5,6,70
62,p_63,0,1360,266,555,2,2,48
63,p_64,0,1359,167,780,4,0,43
64,p_65,0,1255,66,471,3,0,49
65,p_66,0,1253,151,305,0,9,37
66,p_67,0,1250,143,493,1,0,63
67,p_68,0,1244,199,201,0,3,62
68,p_69,0,1342,180,169,2,0,28
69,p_70,0,1231,342,416,1,5,33
70,p_71,0,1253,273,496,1,0,41
71,p_72,1,1035,362,299,15,8,47
72,p_73,1,1007,328,192,15,16,35
73,p_74,1,1092,255,312,17,13,63
74,p_75,1,1113,278,632,8,0,62
75,p_76,1,1187,437,382,14,7,54
76,p_77,1,1099,159,528,14,1,57
77,p_78,1,1099,282,311,16,16,33
78,p_79,1,1184,122,421,9,6,37
79,p_80,1,1189,158,271,10,0,81
80,p_81,1,1175,276,404,11,0,65
81,p_82,1,1207,186,241,17,0,75
82,p_83,1,1106,346,373,13,9,54
83,p_84,1,1092,378,221,16,1,67
84,p_85,1,1127,259,520,8,7,62
85,p_86,1,1085,380,120,10,2,64
86,p_87,1,1098,230,66,11,13,40
87,p_88,1,1110,165,383,14,7,66
88,p_89,1,1095,230,508,6,18,33
89,p_90,1,1014,114,273,10,12,65
90,p_91,1,1081,121,308,11,5,44
91,p_92,1,1212,222,146,15,7,56
92,p_93,1,1096,284,232,13,0,65
93,p_94,1,1093,206,350,11,18,61
94,p_95,1,1108,282,77,13,18,33
95,p_96,1,1088,232,372,13,3,51
96,p_97,1,927,485,384,18,9,57
97,p_98,1,1005,345,371,13,0,65
98,p_99,1,1012,256,390,14,8,59
99,p_100,1,1013,383,250,8,9,36
100,p_101,1,1120,382,432,14,3,76
101,p_102,1,1009,324,491,16,15,30
102,p_103,1,1012,312,298,14,8,57
103,p_104,1,1009,394,415,16,7,46
104,p_105,1,1204,164,390,23,0,53
105,p_106,1,1123,304,442,21,16,49
106,p_107,1,1106,274,579,19,6,68
107,p_108,1,1131,180,249,19,19,57
108,p_109,1,1218,312,496,19,4,58
109,p_110,1,1110,277,83,18,4,51
110,p_111,1,1117,180,564,20,9,51
111,p_112,1,1115,284,360,20,6,38
112,p_113,0,1053,188,306,20,5,46
113,p_114,0,1060,351,347,24,12,53
114,p_115,0,1142,271,101,19,6,45
115,p_116,0,1050,183,288,24,9,63
116,p_117,0,1151,238,130,17,17,51
117,p_118,0,1078,176,350,24,8,62
118,p_119,0,1063,296,121,22,25,57
119,p_120,0,1047,176,366,21,18,68
120,p_121,0,1044,98,645,19,18,69
121,p_122,0,1147,263,398,16,3,55
122,p_123,0,1053,335,78,25,15,63
123,p_124,0,1060,238,492,24,9,36
124,p_125,0,1039,117,363,19,19,44
125,p_126,0,1069,251,331,25,5,72
126,p_127,0,1153,290,298,23,10,56
127,p_128,0,1040,169,621,18,25,56
128,p_129,0,1052,409,107,21,16,53
129,p_130,0,1071,267,222,25,23,68
130,p_131,0,1053,148,574,18,17,58
131,p_132,0,1040,255,242,20,6,55
132,p_133,0,1140,261,282,20,16,46
133,p_134,0,1132,381,649,24,7,74
134,p_135,0,1135,302,170,22,26,70
135,p_136,0,1111,364,476,18,25,56
136,p_137,0,1151,99,480,20,13,55
137,p_138,0,1150,332,171,22,23,58
138,p_139,0,1143,327,246,25,7,46
139,p_140,0,1127,229,265,19,6,47
140,p_141,0,1150,397,676,21,0,48
141,p_142,0,1148,338,322,23,7,53
142,p_143,0,1050,350,212,20,7,55
143,p_144,0,1049,113,246,16,11,39
144,p_145,0,1139,424,260,22,6,50
145,p_146,0,1032,69,399,27,25,48
146,p_147,0,1130,281,281,27,31,51
147,p_148,0,1027,245,389,32,30,52
148,p_149,0,1123,364,276,29,28,63
149,p_150,0,1049,200,263,25,23,62
150,p_151,0,1047,184,111,21,31,57
151,p_152,0,1113,84,364,25,23,69
152,p_153,0,1045,119,81,32,26,79
153,p_154,0,1046,319,459,29,21,46
154,p_155,0,1033,137,348,31,24,68
155,p_156,0,1124,396,146,27,23,59
156,p_157,0,1116,206,72,25,30,43
157,p_158,0,1109,358,395,25,23,81
158,p_159,0,1203,103,241,33,14,66
159,p_160,0,1133,234,289,28,16,67
160,p_161,0,1196,209,358,28,30,79
161,p_162,0,1208,169,337,29,13,73
162,p_163,0,1126,188,276,26,17,65
163,p_164,0,1130,359,562,24,15,80
164,p_165,0,1175,305,395,28,33,57
165,p_166,0,1221,472,207,26,28,47
166,p_167,0,1212,233,89,27,13,62
167,p_168,0,1191,445,472,30,31,74
168,p_169,0,1195,89,301,25,20,70
169,p_170,0,1212,371,476,29,10,63
170,p_171,0,1136,140,424,27,26,59
171,p_172,0,1216,188,372,29,24,58
172,p_173,0,1196,480,360,28,15,66
173,p_174,0,1217,186,364,25,25,67
174,p_175,0,1201,331,537,29,19,63
175,p_176,0,1207,376,331,29,32,51
176,p_177,0,1204,273,346,26,26,71
177,p_178,0,1207,423,201,31,16,58
178,p_179,0,1152,198,307,27,22,72
179,p_180,0,1116,236,294,26,15,53
180,p_181,0,1212,144,334,26,30,55
181,p_182,0,1305,210,382,23,16,73
182,p_183,0,1197,195,285,25,35,72
183,p_184,0,1282,311,421,24,12,52
184,p_185,0,1296,324,123,25,17,54
185,p_186,0,1278,260,174,30,15,54
186,p_187,0,1288,236,467,30,19,70
187,p_188,0,1278,280,654,23,12,73
188,p_189,0,1291,250,565,28,20,60
189,p_190,0,1297,133,308,32,12,69
190,p_191,0,1227,365,257,32,26,69
191,p_192,0,1287,208,490,27,15,54
192,p_193,0,1285,206,142,23,29,52
193,p_194,0,1271,314,463,30,13,59
194,p_195,0,1189,426,292,25,33,73
195,p_196,0,1207,289,308,28,23,62
196,p_197,0,1169,310,557,38,24,57
197,p_198,0,1177,199,358,41,29,68
198,p_199,0,1013,379,435,34,40,86
199,p_200,0,1103,154,789,34,24,70
200,p_201,0,1074,345,108,36,37,67
201,p_202,0,1098,506,466,37,22,76
202,p_203,0,1174,230,413,41,17,78
203,p_204,0,1099,420,233,33,33,74
204,p_205,0,1093,102,213,33,26,76
205,p_206,0,1093,229,207,37,41,81
206,p_207,0,1182,145,377,30,39,75
207,p_208,0,1262,217,804,28,36,83
208,p_209,0,1167,254,66,35,18,72
209,p_210,0,1184,344,465,30,35,84
210,p_211,0,1177,398,694,37,22,80
211,p_212,0,1177,288,540,34,32,66
212,p_213,0,1194,202,190,31,20,65
213,p_214,0,1184,147,331,42,39,51
214,p_215,0,1181,213,493,39,38,66
215,p_216,0,1166,163,455,38,27,70
216,p_217,0,1133,198,303,42,33,91
217,p_218,0,1142,254,296,41,40,61
218,p_219,0,1148,148,429,42,40,72
219,p_220,0,1151,401,537,43,47,78
220,p_221,0,1074,285,403,41,44,66
221,p_222,0,1060,341,147,40,39,84
222,p_223,0,1054,103,310,47,27,99
223,p_224,0,1068,337,493,45,48,85
224,p_225,0,1005,336,530,44,31,80
225,p_226,0,992,203,293,45,45,72
226,p_227,0,1213,121,431,47,40,79
227,p_228,0,1215,112,399,40,30,87
228,p_229,0,1234,409,402,45,38,68
229,p_230,0,1210,308,420,42,41,84
230,p_231,0,1280,318,36,41,23,70
231,p_232,0,1234,165,374,45,24,90
232,p_233,0,1213,268,303,39,26,83
233,p_234,0,1210,149,456,40,33,67
234,p_235,0,1212,416,519,43,34,87
235,p_236,0,1294,261,230,43,36,77
236,p_237,0,1295,345,505,42,38,72
237,p_238,0,1290,364,478,41,47,65
238,p_239,0,1287,180,481,43,29,93
239,p_240,0,1270,284,449,42,27,68
240,p_241,0,1302,276,509,34,38,79
241,p_242,0,1240,144,275,46,39,67
242,p_243,0,1270,413,408,41,39,94
243,p_244,0,1297,298,522,45,42,92
244,p_245,0,1222,372,473,42,34,93
245,p_246,0,1285,356,140,36,40,69
246,p_247,0,1295,276,429,40,45,77
247,p_248,0,1229,363,670,45,46,58
248,p_249,0,1212,166,297,38,28,72
249,p_250,0,1229,339,152,40,38,86
250,p_251,0,1211,164,218,40,26,65
251,p_252,0,1271,327,412,45,33,82
252,p_253,0,1306,359,465,43,34,86
253,p_254,0,1219,201,259,45,26,91
254,p_255,0,1238,231,316,45,40,65
255,p_256,0,1216,149,336,48,45,71
256,p_257,0,1153,357,381,44,41,86
257,p_258,0,1218,414,344,37,44,97
258,p_259,0,1287,18,222,46,35,79
259,p_260,0,1206,95,284,48,27,70
260,p_261,0,1236,343,129,39,26,76
261,p_262,0,1215,199,416,41,40,70
262,p_263,0,1216,301,518,42,45,86
263,p_264,0,1201,287,289,39,25,60
264,p_265,0,1217,105,301,44,37,61
265,p_266,0,1224,287,464,40,26,81
266,p_267,0,1204,289,573,45,44,78
267,p_268,0,1137,242,563,41,42,69
268,p_269,0,1229,216,600,38,38,65
269,p_270,0,1213,171,569,38,27,72
270,p_271,0,1224,173,303,42,35,84
271,p_272,0,1211,239,290,41,29,73
272,p_273,0,1271,102,579,45,37,69
273,p_274,0,1285,349,331,41,32,76
274,p_275,0,1072,202,429,41,44,64
275,p_276,0,1078,391,667,41,32,76
276,p_277,0,1069,351,442,39,44,89
277,p_278,0,1066,266,331,39,47,63
278,p_279,0,1074,279,491,49,34,75
279,p_280,0,1139,361,390,42,24,84
280,p_281,0,1142,272,578,50,39,91
281,p_282,0,1069,284,342,43,26,67
282,p_283,0,1077,249,537,42,45,70
283,p_284,0,1076,317,368,40,26,70
284,p_285,0,1147,468,367,40,43,67
285,p_286,0,1152,253,151,45,37,87
286,p_287,0,1076,371,717,39,46,89
287,p_288,0,1133,314,366,40,33,93
288,p_289,0,1068,360,235,36,29,86
289,p_290,0,1076,105,396,40,44,85
290,p_291,0,1069,327,487,39,32,76
291,p_292,0,1125,298,259,44,43,94
292,p_293,0,1127,243,464,43,38,72
293,p_294,0,1152,194,227,40,44,71
294,p_295,0,1144,305,295,44,44,91
295,p_296,0,1159,130,604,44,38,61
296,p_297,0,1140,201,270,50,34,85
297,p_298,0,1133,77,340,46,32,58
298,p_299,0,1147,261,233,36,32,66
299,p_300,0,1148,197,332,43,33,80
300,p_301,0,1144,176,649,46,29,88
301,p_302,0,1226,300,465,43,38,69
302,p_303,0,1224,86,585,43,29,93
303,p_304,0,1196,151,397,43,43,67
304,p_305,0,1175,182,436,49,38,87
305,p_306,0,1182,247,446,50,49,79
306,p_307,0,1243,285,414,48,48,77
307,p_308,0,1176,263,269,55,30,85
308,p_309,0,1189,230,228,55,40,77
309,p_310,0,1181,164,260,51,49,98
310,p_311,0,1165,226,303,48,51,72
311,p_312,0,1170,293,184,46,34,93
312,p_313,0,1255,221,242,49,41,91
313,p_314,0,1186,190,328,48,45,92
314,p_315,0,1190,256,219,53,34,92
315,p_316,0,1173,207,242,47,41,89
316,p_317,0,1174,238,588,51,38,92
317,p_318,0,1185,360,166,52,35,93
318,p_319,0,1172,215,433,45,35,93
319,p_320,0,1152,205,306,49,55,87
320,p_321,0,1018,245,76,49,45,98
321,p_322,0,1178,432,276,45,50,91
322,p_323,0,1171,274,325,47,39,77
323,p_324,0,1110,424,561,50,46,98
324,p_325,0,1122,336,127,49,48,84
325,p_326,0,1119,190,440,55,51,73
326,p_327,0,1181,314,595,51,33,98
327,p_328,0,1195,223,268,49,35,91
328,p_329,0,1112,137,346,48,30,102
329,p_330,0,1117,366,333,45,51,71
330,p_331,0,1168,223,232,49,41,72
331,p_332,0,1103,175,279,47,45,89
332,p_333,0,1107,209,310,49,44,91
333,p_334,0,1177,251,298,54,34,83
334,p_335,0,1183,250,309,45,36,73
335,p_336,0,1101,276,267,35,37,78
336,p_337,0,1084,336,452,39,35,55
337,p_338,0,1102,267,248,31,28,65
338,p_339,0,1166,384,202,33,28,72
339,p_340,0,995,127,437,34,16,53
340,p_341,0,1102,177,379,37,29,63
341,p_342,0,1091,62,356,33,26,65
342,p_343,0,1107,248,446,36,19,61
343,p_344,0,1186,256,46,40,27,81
344,p_345,0,1170,161,469,45,40,75
345,p_346,0,1142,191,333,41,32,60
346,p_347,0,1136,491,308,43,27,90
347,p_348,0,1068,197,415,41,41,60
348,p_349,0,1143,136,320,43,33,94
349,p_350,1,972,267,657,30,34,72
350,p_351,1,1078,214,482,32,31,61
351,p_352,1,970,67,201,34,28,52
352,p_353,1,1066,413,316,36,27,65
353,p_354,1,1064,389,520,29,23,76
354,p_355,1,977,184,346,33,18,56
355,p_356,1,1071,278,529,28,35,72
356,p_357,1,990,283,318,34,19,63
357,p_358,1,1074,420,340,36,34,73
358,p_359,1,1071,98,291,36,29,75
359,p_360,1,1060,255,456,31,21,73
360,p_361,1,1053,166,363,33,22,51
361,p_362,1,1082,291,197,33,25,67
362,p_363,1,1159,343,544,35,22,60
363,p_364,1,1093,363,134,42,39,85
364,p_365,1,1103,166,364,43,39,70
365,p_366,1,1079,249,211,36,39,89
366,p_367,1,1085,232,435,39,30,75
367,p_368,1,987,78,85,39,20,91
368,p_369,1,1073,263,455,42,27,72
369,p_370,1,1078,400,385,45,32,81
370,p_371,1,976,306,365,38,30,82
371,p_372,1,1083,264,599,43,36,70
372,p_373,1,1091,285,371,41,27,92
373,p_374,1,1093,278,570,40,46,71
374,p_375,1,1076,506,334,47,32,63
375,p_376,1,1080,282,480,38,45,82
376,p_377,1,1094,287,422,41,31,68
377,p_378,1,1000,304,482,44,27,92
378,p_379,1,880,275,383,43,40,75
379,p_380,1,985,360,235,42,42,85
380,p_381,1,1016,248,479,53,49,89
381,p_382,1,1111,236,469,58,62,75
382,p_383,1,1117,69,259,53,49,76
383,p_384,1,1104,371,345,58,54,83
384,p_385,1,1110,188,287,58,37,86
385,p_386,1,1022,206,524,56,38,87
386,p_387,1,1105,351,456,54,43,88
387,p_388,1,1118,212,392,57,58,88
388,p_389,1,1105,185,633,50,41,86
389,p_390,1,1097,317,284,56,45,73
390,p_391,1,1036,336,266,55,40,85
391,p_392,1,1112,229,343,59,44,83
392,p_393,1,1100,321,192,54,52,91
393,p_394,1,1109,283,320,52,54,87
394,p_395,1,1118,190,141,55,49,80
395,p_396,1,1120,267,374,54,42,103
396,p_397,1,1124,190,462,58,37,100
397,p_398,1,1204,425,98,54,58,96
398,p_399,1,1113,271,770,54,53,89
399,p_400,1,1112,231,615,56,49,96
400,p_401,1,1122,189,267,57,58,97
401,p_402,1,1095,208,275,55,39,75
402,p_403,1,1093,310,376,62,43,86
403,p_404,1,1117,256,425,56,57,80
404,p_405,1,1201,279,308,54,56,86
405,p_406,0,1149,214,470,56,57,101
406,p_407,0,1134,285,358,55,51,92
407,p_408,0,1194,305,233,59,52,95
408,p_409,0,1267,327,407,51,35,93
409,p_410,0,1255,302,694,56,52,103
410,p_411,0,1286,188,278,63,49,108
411,p_412,0,1203,274,354,58,49,89
412,p_413,0,1212,320,205,54,51,94
413,p_414,0,1199,358,181,53,42,79
414,p_415,0,1259,347,364,59,53,105
415,p_416,0,1249,302,132,53,36,91
416,p_417,0,1261,170,205,58,49,93
417,p_418,0,1270,296,254,63,58,98
418,p_419,0,1192,246,229,53,51,72
419,p_420,0,1244,323,496,53,58,78
420,p_421,0,1243,382,547,55,39,106
421,p_422,0,1255,388,622,58,58,89
422,p_423,0,1209,193,383,58,39,99
423,p_424,0,1255,359,230,52,42,106
424,p_425,0,1242,308,203,54,42,109
425,p_426,0,1252,298,364,54,51,73
426,p_427,0,1248,127,630,52,53,97
427,p_428,0,1245,254,356,62,56,85
428,p_429,0,1032,291,415,62,56,84
429,p_430,0,1101,162,507,63,53,102
430,p_431,0,959,356,253,65,46,117
431,p_432,0,1114,239,263,66,59,116
432,p_433,0,1089,295,317,65,53,99
433,p_434,0,1170,90,495,66,58,97
434,p_435,0,1099,208,231,61,52,80
435,p_436,0,1026,334,325,59,61,100
436,p_437,0,1043,135,205,66,64,99
437,p_438,0,1032,460,478,67,58,89
438,p_439,0,1093,147,387,62,63,80
439,p_440,0,1027,271,348,65,60,87
440,p_441,0,1089,259,421,64,47,113
441,p_442,0,1035,531,134,63,51,86
442,p_443,0,1038,244,496,66,53,98
443,p_444,0,1030,228,84,57,51,114
444,p_445,0,1103,192,342,62,57,83
445,p_446,0,1078,288,430,68,51,84
446,p_447,0,1104,201,523,61,46,102
447,p_448,0,1045,190,484,70,47,104
448,p_449,0,959,282,562,65,51,93
449,p_450,0,1167,448,432,64,50,95
450,p_451,0,1080,145,275,65,48,88
451,p_452,0,1158,497,251,63,65,114
452,p_453,0,1095,285,314,63,56,115
453,p_454,0,1101,379,283,65,60,103
454,p_455,0,1103,218,311,57,64,85
455,p_456,0,973,287,553,65,66,115
456,p_457,0,968,302,535,67,70,108
457,p_458,0,1027,196,496,65,51,82
458,p_459,0,1154,215,207,62,62,84
459,p_460,0,1141,181,535,64,48,112
460,p_461,0,1160,203,176,64,65,93
461,p_462,0,1068,206,396,59,57,88
462,p_463,0,1158,220,281,63,61,93
463,p_464,0,1149,218,498,66,43,98
464,p_465,0,1159,282,320,60,45,91
465,p_466,0,1025,274,385,57,60,114
466,p_467,0,1027,350,248,66,52,99
467,p_468,0,1091,165,351,62,54,114
468,p_469,0,1137,108,382,62,61,116
469,p_470,0,1142,282,326,64,60,89
470,p_471,0,1090,109,352,68,67,92
471,p_472,0,1103,179,596,68,45,100
472,p_473,0,1098,146,512,57,53,92
473,p_474,0,1095,418,428,63,51,82
474,p_475,0,1037,330,472,65,62,108
475,p_476,0,1170,219,469,63,58,84
476,p_477,0,1080,218,222,64,53,81
477,p_478,0,1148,248,527,57,48,114
478,p_479,0,1158,408,422,60,54,108
479,p_480,0,1112,424,326,61,55,113
480,p_481,0,1162,317,403,62,48,91
481,p_482,0,1228,305,227,61,68,84
482,p_483,0,1160,208,319,65,50,110
483,p_484,0,1153,256,382,63,62,100
484,p_485,0,1160,224,532,67,55,95
485,p_486,0,1168,303,134,65,47,81
486,p_487,0,1143,85,418,63,56,102
487,p_488,0,1149,305,488,63,59,105
488,p_489,0,1161,146,436,63,50,93
489,p_490,0,1169,274,360,66,50,91
490,p_491,0,1076,249,527,60,44,114
491,p_492,0,1155,232,223,63,51,113
492,p_493,0,1141,308,58,65,56,87
493,p_494,0,1234,195,403,72,57,110
494,p_495,0,1129,201,450,72,66,111
495,p_496,0,1177,181,378,70,62,103
496,p_497,0,1172,132,520,73,54,113
497,p_498,0,1104,147,395,69,58,91
498,p_499,0,1168,200,430,75,67,118
499,p_500,0,1119,298,530,69,57,118
500,p_501,0,1109,419,446,71,54,120
501,p_502,0,1102,154,429,73,53,99
502,p_503,0,1180,301,458,66,60,105
503,p_504,0,1177,320,500,69,54,89
504,p_505,0,1163,266,542,67,56,105
505,p_506,0,1169,210,152,69,74,96
506,p_507,0,1156,399,477,69,51,101
507,p_508,0,1166,149,443,67,69,123
508,p_509,0,1228,164,571,68,62,92
509,p_510,0,1207,386,349,68,73,113
510,p_511,0,1124,125,214,72,72,117
511,p_512,0,1057,164,168,67,59,93
512,p_513,0,1114,302,544,72,57,99
513,p_514,0,1112,290,401,72,52,113
514,p_515,1,1044,346,429,57,63,114
515,p_516,1,1146,199,483,58,49,101
516,p_517,1,1152,286,341,65,59,101
517,p_518,1,1025,373,410,63,49,112
518,p_519,1,1036,205,296,64,53,94
519,p_520,1,1014,225,500,66,53,91
520,p_521,1,1035,165,704,56,49,114
521,p_522,1,1121,282,279,60,61,116
522,p_523,1,1031,126,629,67,49,85
523,p_524,1,1031,269,284,63,59,94
524,p_525,1,1027,352,490,66,62,94
525,p_526,1,1114,424,577,62,55,111
526,p_527,1,1126,230,439,70,65,97
527,p_528,1,1058,246,460,68,61,120
528,p_529,1,1136,213,224,69,59,113
529,p_530,1,1041,198,323,68,62,91
530,p_531,1,1037,151,630,67,65,116
531,p_532,1,1026,151,454,70,66,95
532,p_533,1,1037,134,380,72,62,89
533,p_534,1,1037,168,322,66,56,102
534,p_535,1,1124,336,292,78,57,121
535,p_536,1,1045,179,276,68,52,117
536,p_537,1,1052,224,260,70,72,97
537,p_538,1,1033,231,410,74,63,90
538,p_539,1,1017,176,259,68,61,89
539,p_540,1,1142,200,274,73,60,109
540,p_541,1,1133,349,386,69,63,93
541,p_542,1,1118,355,468,69,68,92
542,p_543,1,1142,291,301,76,77,116
543,p_544,1,1137,177,311,72,69,96
544,p_545,1,1048,252,380,72,75,96
545,p_546,1,1052,334,345,78,76,113
546,p_547,1,1136,346,149,76,60,128
547,p_548,1,1029,114,260,74,60,92
548,p_549,1,1044,266,291,74,70,92
549,p_550,1,1139,185,221,75,65,125
550,p_551,1,1037,244,211,75,64,120
551,p_552,1,1031,272,428,78,74,104
552,p_553,1,1042,255,190,76,70,120
553,p_554,1,1121,309,495,76,68,110
554,p_555,1,1126,374,308,79,70,96
555,p_556,1,1131,332,473,79,75,120
556,p_557,1,1045,225,319,72,66,101
557,p_558,1,1324,371,188,84,68,111
558,p_559,1,1324,365,246,74,61,120
559,p_560,1,1319,169,392,72,68,94
560,p_561,1,1343,274,162,79,72,105
561,p_562,1,1322,268,189,76,73,95
562,p_563,1,1409,164,605,77,73,94
563,p_564,1,1337,263,448,81,76,116
564,p_565,1,1405,384,469,76,81,103
565,p_566,1,1328,137,143,79,77,120
566,p_567,1,1326,191,277,78,69,93
567,p_568,1,1059,267,264,78,66,100
568,p_569,1,1042,105,245,73,75,99
569,p_570,1,1035,248,276,77,73,116
570,p_571,1,1046,327,240,78,59,122
571,p_572,1,1054,185,372,78,73,108
572,p_573,1,1147,283,386,81,72,112
573,p_574,1,1143,242,342,74,69,127
574,p_575,1,1062,232,474,81,64,118
575,p_576,1,1145,340,42,81,73,112
576,p_577,1,1142,137,287,76,64,125
577,p_578,1,1251,241,449,74,68,117
578,p_579,1,1122,225,198,72,73,119
579,p_580,1,1137,242,483,72,62,95
580,p_581,1,1137,203,174,73,68,105
581,p_582,1,1149,198,399,75,69,118
582,p_583,1,1128,67,376,79,76,116
583,p_584,1,1139,230,318,75,61,94
584,p_585,1,1139,338,277,79,82,120
585,p_586,1,1141,248,279,78,80,116
586,p_587,1,1128,216,533,78,61,117
587,p_588,1,1135,254,279,82,63,120
588,p_589,1,1148,266,331,75,63,115
589,p_590,1,1230,267,335,74,63,114
590,p_591,1,1301,351,326,80,70,115
591,p_592,1,1319,364,224,72,65,97
592,p_593,1,1315,224,645,73,73,119
593,p_594,1,1332,269,365,83,74,128
594,p_595,1,1326,362,293,78,63,128
595,p_596,1,1240,347,277,75,75,98
596,p_597,1,1307,240,469,74,67,110
597,p_598,1,1332,247,449,74,70,96
598,p_599,1,1324,219,467,81,65,112
599,p_600,1,1322,290,437,74,73,101
600,p_601,1,1135,313,663,75,57,130
601,p_602,1,1233,261,170,77,63,123
602,p_603,1,1217,199,442,77,71,125
603,p_604,1,1312,131,360,78,75,114
604,p_605,1,1305,144,396,74,70,99
605,p_606,1,1338,245,296,76,76,114
606,p_607,1,1319,80,458,75,70,124
607,p_608,1,1333,303,336,80,62,128
608,p_609,0,1114,84,462,82,70,122
609,p_610,0,1065,415,185,73,73,124
610,p_611,0,1067,158,558,74,59,106
611,p_612,0,1066,220,323,70,67,125
612,p_613,0,1019,314,371,72,60,117
613,p_614,0,1043,405,327,78,78,127
614,p_615,0,1077,166,287,81,68,118
615,p_616,0,1088,69,328,80,65,108
616,p_617,0,1072,228,109,78,66,131
617,p_618,0,1068,279,342,76,68,116
618,p_619,0,1051,174,448,79,78,110
619,p_620,0,930,364,257,79,69,103
620,p_621,0,1107,273,380,78,64,126
621,p_622,0,1078,228,518,74,81,113
622,p_623,0,1039,290,110,80,70,121
623,p_624,0,1068,256,288,78,64,103
624,p_625,0,1046,274,449,79,71,129
625,p_626,0,1006,156,369,82,76,118
626,p_627,0,1057,102,536,75,83,106
627,p_628,0,968,253,397,83,82,120
628,p_629,0,1011,124,397,77,75,121
629,p_630,0,1061,217,238,74,74,102
630,p_631,0,1150,265,452,74,71,119
631,p_632,0,1180,450,536,76,82,121
632,p_633,0,1102,267,362,75,76,107
633,p_634,0,1170,294,312,78,65,118
634,p_635,0,1164,236,603,74,77,121
635,p_636,0,1215,244,183,71,65,95
636,p_637,0,1064,347,366,79,61,117
637,p_638,0,1065,351,401,76,67,127
638,p_639,0,1121,101,416,74,70,103
639,p_640,0,1052,211,611,76,68,127
640,p_641,0,1055,232,335,72,70,131
641,p_642,0,1124,155,481,84,81,116
642,p_643,0,1119,177,336,83,82,108
643,p_644,0,1133,309,206,84,75,105
644,p_645,0,1091,294,409,81,82,134
645,p_646,0,1082,265,494,86,84,110
646,p_647,0,1023,79,132,88,81,102
647,p_648,0,1023,340,265,82,76,104
648,p_649,0,962,251,509,86,70,130
649,p_650,0,1037,397,266,86,74,108
650,p_651,0,1117,226,319,85,71,122
651,p_652,0,1176,261,325,82,72,132
652,p_653,0,1162,226,115,81,82,104
653,p_654,0,1025,208,347,88,86,103
654,p_655,0,1017,216,346,84,89,105
655,p_656,0,1109,67,227,83,71,134
656,p_657,0,1071,194,109,85,69,116
657,p_658,0,1120,339,368,83,72,127
658,p_659,0,1023,211,227,81,86,104
659,p_660,0,1183,307,417,84,75,127
660,p_661,0,1166,327,386,83,69,128
661,p_662,0,1113,285,536,88,68,105
662,p_663,0,1112,222,404,86,80,106
663,p_664,0,1123,436,467,87,71,123
664,p_665,0,1130,202,458,82,82,108
665,p_666,1,1147,133,109,75,85,126
666,p_667,1,1129,353,412,85,82,111
667,p_668,1,1343,211,258,86,78,120
668,p_669,1,1325,284,599,79,78,108
669,p_670,1,1315,160,603,80,81,131
670,p_671,1,1234,249,478,87,69,107
671,p_672,1,1043,331,395,90,77,112
672,p_673,1,1051,333,519,86,87,120
673,p_674,1,1040,197,275,82,77,114
674,p_675,1,1320,196,413,82,82,116
675,p_676,1,1322,158,254,82,82,134
676,p_677,1,1311,253,341,85,74,107
677,p_678,1,1343,219,393,85,81,121
678,p_679,1,1142,236,631,86,68,119
679,p_680,1,1218,112,201,82,79,111
680,p_681,1,1144,289,340,77,73,132
681,p_682,1,1133,294,225,87,77,109
682,p_683,1,1133,278,494,82,79,105
683,p_684,1,1142,416,164,81,79,125
684,p_685,1,1142,284,300,81,82,132
685,p_686,1,1144,276,218,84,79,131
686,p_687,1,1132,237,333,83,77,102
687,p_688,1,1153,124,246,82,86,127
688,p_689,1,1148,205,475,82,66,112
689,p_690,1,1127,214,213,80,67,115
690,p_691,1,1145,220,399,79,69,128
691,p_692,1,1130,279,273,84,77,104
692,p_693,1,1137,297,88,85,78,128
693,p_694,1,1128,123,151,83,82,129
694,p_695,1,1149,334,537,83,82,103
695,p_696,1,1335,249,185,87,80,117
696,p_697,1,1335,128,173,84,68,116
697,p_698,1,1332,200,109,87,71,126
698,p_699,1,1342,182,478,83,69,111
699,p_700,1,1136,350,266,84,72,116
700,p_701,1,1119,79,185,85,78,131
701,p_702,1,1144,118,581,91,72,123
702,p_703,1,1149,260,383,82,68,131
703,p_704,1,1330,216,316,82,66,108
704,p_705,1,1232,170,462,82,76,119
705,p_706,1,1313,196,337,82,81,104
706,p_707,1,1327,203,143,90,73,126
707,p_708,1,1324,268,240,77,67,107
708,p_709,0,1073,340,202,92,88,123
709,p_710,0,1095,190,455,85,91,118
710,p_711,0,1167,177,321,92,84,130
711,p_712,0,1107,207,640,98,89,144
712,p_713,0,978,139,600,91,89,121
713,p_714,0,964,281,763,90,78,125
714,p_715,0,922,378,157,88,76,118
715,p_716,0,926,354,223,92,83,144
716,p_717,0,958,291,363,91,81,138
717,p_718,0,958,285,349,92,77,114
718,p_719,0,920,294,106,90,78,132
719,p_720,0,986,451,404,94,90,115
720,p_721,0,1111,461,582,92,80,117
721,p_722,0,1123,104,542,92,75,114
722,p_723,0,1123,326,342,95,95,127
723,p_724,0,1118,327,381,100,87,111
724,p_725,0,1125,63,472,92,79,135
725,p_726,0,1165,109,455,90,92,132
726,p_727,0,975,318,409,88,90,114
727,p_728,1,1061,166,319,96,90,132
728,p_729,1,1141,156,301,88,82,136
729,p_730,1,1146,179,242,85,83,117
730,p_731,1,1148,270,295,88,85,131
731,p_732,1,1237,94,190,90,87,136
732,p_733,1,1231,166,172,90,91,140
733,p_734,1,1224,99,382,88,83,130
734,p_735,1,1232,423,369,89,80,118
735,p_736,1,1240,281,285,86,92,131
736,p_737,1,1220,224,346,89,74,135
737,p_738,1,1243,495,140,89,80,108
738,p_739,1,1222,310,277,90,85,127
739,p_740,1,1235,424,509,90,93,136
740,p_741,1,1328,315,537,86,90,122
741,p_742,1,1314,101,412,87,91,135
742,p_743,1,1309,191,244,90,84,116
743,p_744,1,1316,303,276,89,90,140
744,p_745,1,1309,222,450,87,90,122
745,p_746,1,1313,100,529,91,92,110
746,p_747,1,1321,488,365,87,95,122
747,p_748,1,1345,448,409,88,74,114
748,p_749,1,1333,95,189,86,86,119
749,p_750,1,1323,197,119,86,84,125
750,p_751,1,1339,454,335,86,84,126
751,p_752,1,1329,121,162,87,82,126
752,p_753,1,1318,255,250,91,79,136
753,p_754,1,1220,272,342,92,95,123
754,p_755,1,1247,275,592,91,77,112
755,p_756,1,1320,216,243,94,77,128
756,p_757,1,1215,150,513,95,83,117
757,p_758,1,1128,524,412,89,89,142
758,p_759,1,1145,288,328,89,86,140
759,p_760,1,1232,288,344,83,74,121
760,p_761,1,1321,316,175,90,74,117
761,p_762,1,1233,312,571,92,84,120
762,p_763,1,1227,149,362,90,79,117
763,p_764,1,1228,390,206,93,82,136
764,p_765,1,1241,157,208,85,89,143
765,p_766,1,1323,370,176,85,82,112
766,p_767,1,1313,314,388,90,77,135
767,p_768,1,1225,138,705,92,82,121
768,p_769,1,1321,225,673,93,93,139
769,p_770,1,1234,280,411,86,80,137
770,p_771,1,1307,585,565,88,78,134
771,p_772,1,1231,196,372,87,97,109
772,p_773,1,1131,259,253,93,96,129
773,p_774,1,1053,184,447,96,83,113
774,p_775,1,1324,284,432,102,91,140
775,p_776,1,1333,209,342,95,88,137
776,p_777,1,1323,230,682,97,80,122
777,p_778,1,1232,261,233,102,97,144
778,p_779,1,1325,189,203,98,82,132
779,p_780,1,1234,325,223,93,89,145
780,p_781,1,1318,409,662,97,100,126
781,p_782,1,1233,244,256,95,84,142
782,p_783,1,1223,321,341,96,83,128
783,p_784,1,1240,267,534,99,93,141
784,p_785,1,1298,236,295,100,81,120
785,p_786,1,1234,195,416,96,79,119
786,p_787,1,1229,200,177,94,85,142
787,p_788,0,1183,227,319,95,77,116
788,p_789,0,1203,250,397,88,80,133
789,p_790,0,1162,303,601,92,77,118
790,p_791,0,1164,126,219,88,81,130
791,p_792,0,1226,305,341,90,76,138
792,p_793,0,1102,98,422,89,87,140
793,p_794,0,1173,224,418,89,82,105
794,p_795,0,1210,170,252,86,84,120
795,p_796,0,1228,189,232,87,88,132
796,p_797,0,1142,178,285,89,82,142
797,p_798,0,1208,217,276,98,91,138
798,p_799,0,1163,239,319,89,93,113
799,p_800,0,1169,127,158,96,99,126
800,p_801,0,1163,333,715,89,84,111
801,p_802,0,1162,70,469,91,73,130
802,p_803,0,1235,338,353,88,83,113
803,p_804,0,1164,232,580,86,85,140
804,p_805,0,1212,172,141,90,83,133
805,p_806,0,1195,319,803,90,92,122
806,p_807,0,1081,148,485,107,90,151
807,p_808,0,1077,267,490,108,103,155
808,p_809,0,1096,138,349,105,98,139
809,p_810,0,1088,171,139,106,89,143
810,p_811,0,1081,328,502,101,90,133
811,p_812,0,1077,200,266,103,95,154
812,p_813,0,1086,257,290,105,105,134
813,p_814,0,1069,356,237,112,88,148
814,p_815,1,1033,423,587,111,110,162
815,p_816,1,1035,289,179,109,106,143
816,p_817,1,1031,272,350,108,108,163
817,p_818,1,946,292,394,118,102,164
818,p_819,1,1016,292,498,121,115,139
819,p_820,1,1038,263,206,117,106,141
820,p_821,1,934,327,330,119,118,161
821,p_822,1,1025,309,321,116,110,143
822,p_823,1,983,189,46,115,120,165
823,p_824,1,933,330,444,119,111,162
824,p_825,1,933,191,485,120,105,141
825,p_826,1,931,196,341,118,110,156
826,p_827,1,1045,236,471,115,100,155
827,p_828,1,1023,232,535,116,106,162
828,p_829,1,1024,233,35,114,108,164
829,p_830,1,1021,273,395,117,112,135
830,p_831,1,1118,271,310,117,116,140
831,p_832,1,1119,146,418,117,119,161
832,p_833,1,940,348,274,111,109,159
833,p_834,1,1038,310,404,120,112,150
834,p_835,1,1132,297,363,115,110,152
835,p_836,1,1010,192,399,125,116,172
836,p_837,1,1122,291,452,126,112,175
837,p_838,1,1029,363,421,130,120,181
838,p_839,1,1026,396,360,126,119,147
839,p_840,1,1033,204,334,121,123,148
840,p_841,1,1018,384,656,124,119,152
841,p_842,0,1064,277,494,123,107,141
842,p_843,0,1080,300,299,120,119,167
843,p_844,0,1069,292,197,117,123,152
844,p_845,0,1062,272,380,120,122,158
845,p_846,0,977,99,417,123,114,155
846,p_847,0,1091,76,281,117,120,162
847,p_848,0,1015,421,478,123,103,174
848,p_849,0,1072,285,574,116,125,171
849,p_850,0,1011,361,276,119,108,167
850,p_851,0,1080,331,348,119,105,151
851,p_852,0,1023,160,388,125,121,139
852,p_853,0,969,420,102,123,123,141
853,p_854,0,1071,243,682,125,122,175
854,p_855,0,1071,145,386,128,119,163
855,p_856,0,1017,234,203,121,101,169
856,p_857,0,1055,340,430,120,120,155
857,p_858,0,1069,429,561,126,115,168
858,p_859,0,1075,174,660,124,108,162
859,p_860,0,1072,261,715,117,118,168
860,p_861,0,1069,157,413,125,121,172
861,p_862,0,1058,214,403,124,121,163
862,p_863,0,1019,20,427,125,109,154
863,p_864,0,1024,238,386,127,114,161
864,p_865,0,1075,326,281,123,101,148
865,p_866,0,1018,125,167,126,121,165
866,p_867,0,974,251,527,121,104,146
867,p_868,0,1013,331,368,125,116,161
868,p_869,0,1064,373,425,121,112,170
869,p_870,0,1064,172,199,123,106,143
870,p_871,0,1008,213,576,122,115,166
871,p_872,0,1068,125,357,122,109,146
872,p_873,0,1063,187,400,116,117,159
873,p_874,0,981,174,246,124,124,146
874,p_875,0,1066,111,193,122,125,141
875,p_876,0,1018,329,332,120,114,157
876,p_877,0,962,161,446,124,102,160
877,p_878,0,1055,313,446,124,119,142
878,p_879,0,963,200,162,121,114,156
879,p_880,0,1012,137,344,120,113,168
880,p_881,0,976,356,256,124,116,158
881,p_882,0,1066,195,289,122,113,171
882,p_883,0,1014,387,267,126,118,169
883,p_884,0,965,233,473,122,110,165
884,p_885,0,976,111,274,125,105,149
885,p_886,0,987,362,214,131,118,151
886,p_887,0,948,191,472,124,128,171
887,p_888,0,893,58,512,126,111,141
888,p_889,0,993,281,135,122,127,158
889,p_890,0,880,208,230,124,120,150
890,p_891,0,891,269,294,122,124,153
891,p_892,0,980,319,416,125,121,143
892,p_893,0,1003,308,710,124,124,166
893,p_894,0,1051,135,342,130,110,166
894,p_895,0,991,533,330,124,122,154
895,p_896,0,991,189,304,121,116,146
896,p_897,0,896,168,360,130,120,157
897,p_898,0,992,348,333,122,127,157
898,p_899,0,921,264,454,129,129,172
899,p_900,0,918,376,381,130,118,152
900,p_901,0,891,331,373,125,119,150
901,p_902,0,959,171,298,123,118,143
902,p_903,0,987,172,580,122,125,143
903,p_904,0,927,76,426,127,122,174
904,p_905,0,993,398,309,125,119,150
905,p_906,0,882,230,157,127,113,167
906,p_907,0,904,160,224,126,119,160
907,p_908,0,1046,289,565,128,111,175
908,p_909,0,1042,123,362,120,110,164
909,p_910,0,1047,375,235,124,113,167
910,p_911,0,993,328,450,126,124,152
911,p_912,0,1042,151,479,124,115,146
912,p_913,0,1046,304,520,123,121,153
913,p_914,0,1050,456,392,125,124,150
914,p_915,0,1031,277,488,125,128,168
915,p_916,0,1058,372,561,126,128,160
916,p_917,0,1038,280,350,122,127,148
917,p_918,0,1048,328,233,126,127,160
918,p_919,0,1059,359,368,123,126,170
919,p_920,0,992,301,271,124,125,180
920,p_921,0,1051,167,443,124,114,151
921,p_922,0,1027,188,101,127,123,168
922,p_923,0,1052,300,420,127,124,166
923,p_924,0,1004,104,174,130,112,157
924,p_925,0,1032,212,307,117,115,172
925,p_926,0,1001,312,217,127,125,156
926,p_927,0,978,284,420,126,123,170
927,p_928,0,932,250,234,122,110,169
928,p_929,0,950,412,396,123,123,177
929,p_930,0,942,215,416,126,120,146
930,p_931,0,951,248,222,126,125,173
931,p_932,0,927,222,310,127,126,169
932,p_933,0,951,265,643,119,126,144
933,p_934,0,935,247,554,128,124,142
934,p_935,0,897,222,574,126,118,175
935,p_936,0,936,366,263,128,123,163
936,p_937,0,932,229,659,122,113,156
937,p_938,0,936,592,391,125,117,179
938,p_939,0,1008,465,358,128,110,144
939,p_940,0,988,468,288,122,126,150
940,p_941,0,951,96,166,121,128,154
941,p_942,0,954,333,229,124,115,144
942,p_943,0,939,322,486,123,114,150
943,p_944,0,1042,191,195,129,112,173
944,p_945,0,931,392,497,128,108,166
945,p_946,0,948,196,325,123,115,175
946,p_947,0,946,210,502,127,115,168
947,p_948,0,937,184,215,133,119,151
948,p_949,0,892,112,157,127,129,146
949,p_950,0,936,222,282,129,124,172
950,p_951,0,947,152,407,124,110,159
951,p_952,0,948,180,576,130,131,177
952,p_953,0,1006,263,544,122,128,173
953,p_954,0,1039,280,429,131,108,155
954,p_955,0,1059,225,399,127,128,171
955,p_956,0,987,419,125,126,113,169
956,p_957,0,960,300,355,130,114,157
957,p_958,0,990,222,265,127,128,181
958,p_959,0,987,230,319,124,126,179
959,p_960,0,1002,160,711,124,126,162
960,p_961,0,981,326,119,130,122,167
961,p_962,0,984,290,553,127,129,177
962,p_963,0,949,172,313,128,117,175
963,p_964,0,976,152,337,127,126,178
964,p_965,0,994,229,342,126,116,175
965,p_966,0,942,217,429,127,114,174
966,p_967,0,986,156,462,128,131,162
967,p_968,0,1060,362,241,129,124,156
968,p_969,0,949,329,161,128,129,150
969,p_970,0,987,65,326,128,116,153
970,p_971,0,997,404,496,129,118,142
971,p_972,0,901,262,430,128,117,174
972,p_973,0,881,408,710,128,131,164
973,p_974,0,951,409,427,123,129,149
974,p_975,0,1001,238,516,128,123,180
975,p_976,0,992,210,321,132,131,174
976,p_977,0,955,386,231,130,119,145
977,p_978,0,1003,404,195,125,124,173
978,p_979,0,1006,128,632,132,112,166
979,p_980,0,989,169,323,123,130,142
980,p_981,0,984,231,446,131,118,176
981,p_982,0,981,178,543,127,120,163
982,p_983,0,911,375,311,135,129,178
983,p_984,0,871,441,348,131,134,155
984,p_985,0,876,96,339,134,118,184
985,p_986,0,868,370,431,131,134,168
986,p_987,0,907,199,396,133,130,181
987,p_988,0,906,136,539,125,139,169
988,p_989,0,918,282,144,133,131,148
989,p_990,0,931,144,306,134,119,185
990,p_991,0,871,97,371,132,124,181
991,p_992,0,817,477,255,129,116,158
992,p_993,0,875,386,353,130,129,174
993,p_994,0,860,243,388,134,134,184
994,p_995,0,862,193,376,132,129,168
995,p_996,0,873,302,409,131,129,171
996,p_997,0,873,201,70,130,120,158
997,p_998,0,869,69,632,133,117,177
998,p_999,0,802,277,205,130,125,158
999,p_1000,0,876,247,305,140,119,151
1000,p_1001,0,911,315,486,135,118,177
1001,p_1002,0,917,272,550,128,122,154
1002,p_1003,0,909,220,285,131,113,157
1003,p_1004,0,857,290,498,129,120,166
1004,p_1005,0,855,227,246,138,123,163
1005,p_1006,0,861,184,341,136,123,154
1006,p_1007,0,871,191,143,130,139,168
1007,p_1008,0,816,335,309,132,128,174
1008,p_1009,0,924,312,354,135,133,158
1009,p_1010,0,914,233,124,131,129,183
1010,p_1011,0,871,141,536,132,117,156
1011,p_1012,0,821,236,248,134,129,171
1012,p_1013,0,918,87,548,132,117,158
1013,p_1014,0,811,270,445,130,118,163
1014,p_1015,0,814,132,123,131,125,181
1015,p_1016,0,874,361,343,132,124,177
1016,p_1017,0,859,139,433,133,130,182
1017,p_1018,0,808,234,394,138,123,168
1018,p_1019,1,921,427,434,132,129,174
1019,p_1020,1,1015,195,76,131,135,163
1020,p_1021,1,1030,156,389,131,123,178
1021,p_1022,1,943,205,415,132,132,151
1022,p_1023,1,999,225,484,132,127,159
1023,p_1024,1,1023,159,271,133,131,185
1024,p_1025,1,945,187,317,139,133,177
1025,p_1026,1,1023,348,829,129,123,179
1026,p_1027,1,918,379,255,132,135,177
1027,p_1028,1,1021,141,482,132,136,157
1028,p_1029,1,942,493,270,137,132,155
1029,p_1030,1,1018,297,218,133,129,183
1030,p_1031,1,1022,220,517,132,134,175
1031,p_1032,1,1018,173,226,130,126,178
1032,p_1033,1,1024,322,362,127,122,151
1033,p_1034,1,1014,217,603,129,125,165
1034,p_1035,1,1025,297,219,132,135,154
1035,p_1036,1,925,243,472,133,118,185
1036,p_1037,1,1020,127,328,131,132,183
1037,p_1038,1,1012,260,384,132,123,155
1038,p_1039,1,1034,277,298,135,132,182
1039,p_1040,1,1008,276,381,127,123,173
1040,p_1041,1,1016,214,584,129,127,162
1041,p_1042,1,1007,292,215,138,124,178
1042,p_1043,1,1025,228,370,127,124,154
1043,p_1044,1,1032,206,468,128,113,177
1044,p_1045,1,1017,238,521,133,122,149
1045,p_1046,1,1007,327,263,129,125,154
1046,p_1047,1,1018,108,318,135,128,183
1047,p_1048,1,1021,195,643,134,121,156
1048,p_1049,1,924,200,413,134,122,166
1049,p_1050,1,1029,254,301,130,118,163
1050,p_1051,1,1021,336,420,141,127,179
1051,p_1052,1,1029,221,701,127,131,167
1052,p_1053,1,1017,325,502,131,121,153
1053,p_1054,1,1011,295,318,133,125,155
1054,p_1055,1,1006,311,163,131,112,161
1055,p_1056,1,945,169,259,128,125,170
1056,p_1057,1,934,138,362,127,132,170
1057,p_1058,1,1012,284,261,135,117,179
1058,p_1059,1,1004,199,290,132,118,152
1059,p_1060,1,1016,259,381,135,121,179
1060,p_1061,1,1111,313,682,134,118,180
1061,p_1062,1,940,171,648,134,132,183
1062,p_1063,1,1109,69,528,130,118,176
1063,p_1064,1,1002,226,364,133,118,162
1064,p_1065,1,1008,139,447,124,126,162
1065,p_1066,1,937,262,487,126,126,177
1066,p_1067,1,930,251,467,134,130,173
1067,p_1068,1,1021,225,85,134,133,165
1068,p_1069,1,1015,155,583,127,115,166
1069,p_1070,1,1025,166,293,136,128,154
1070,p_1071,1,1010,256,297,138,140,178
1071,p_1072,1,839,278,547,138,128,176
1072,p_1073,1,1023,402,233,139,128,180
1073,p_1074,1,1014,263,230,143,136,173
1074,p_1075,1,1004,344,408,140,121,184
1075,p_1076,1,1005,198,552,136,138,164
1076,p_1077,1,925,273,444,144,139,179
1077,p_1078,1,1022,210,235,139,123,167
1078,p_1079,1,916,290,560,141,129,178
1079,p_1080,1,1016,366,231,135,124,187
1080,p_1081,1,1019,142,240,144,125,169
1081,p_1082,1,1026,268,291,139,131,171
1082,p_1083,1,1011,224,381,142,126,180
1083,p_1084,1,1036,123,400,142,130,161
1084,p_1085,1,930,183,464,141,134,186
1085,p_1086,1,928,215,78,146,144,192
1086,p_1087,1,923,216,313,146,148,195
1087,p_1088,1,919,115,496,145,146,177
1088,p_1089,1,927,278,345,148,135,190
1089,p_1090,1,1031,265,276,148,144,186
1090,p_1091,1,1013,268,229,146,145,166
1091,p_1092,1,1011,343,270,145,142,170
1092,p_1093,1,1029,194,587,145,134,182
1093,p_1094,1,1003,147,512,141,149,197
1094,p_1095,1,1021,356,468,145,134,172
1095,p_1096,1,1014,157,392,146,140,181
1096,p_1097,1,1021,201,381,147,144,170
1097,p_1098,1,1016,243,75,144,146,197
1098,p_1099,1,910,383,363,145,145,162
1099,p_1100,1,1021,154,374,142,144,188
1100,p_1101,1,1011,340,384,144,138,196
1101,p_1102,1,1022,206,611,148,145,199
1102,p_1103,1,932,300,396,144,133,190
1103,p_1104,1,920,98,606,152,146,189
1104,p_1105,1,921,361,312,148,133,180
1105,p_1106,1,1004,151,209,147,151,204
1106,p_1107,1,929,169,222,145,140,186
1107,p_1108,1,1017,187,186,148,140,169
1108,p_1109,1,1016,119,539,149,129,174
1109,p_1110,1,1018,266,427,147,145,177
1110,p_1111,1,1024,201,391,153,151,192
1111,p_1112,1,986,363,233,149,154,184
1112,p_1113,1,1024,274,510,155,134,189
1113,p_1114,1,996,333,263,151,141,199
1114,p_1115,1,1015,159,138,149,151,182
1115,p_1116,1,1012,326,150,154,145,188
1116,p_1117,1,1005,200,445,156,154,195
1117,p_1118,1,917,163,509,156,141,193
1118,p_1119,1,910,118,598,154,136,193
1119,p_1120,1,921,269,242,155,141,205
1120,p_1121,1,911,81,275,153,148,185
1121,p_1122,1,926,219,461,157,140,172
1122,p_1123,1,928,421,431,151,145,188
1123,p_1124,1,1021,297,262,151,150,186
1124,p_1125,1,907,146,512,155,155,193
1125,p_1126,1,909,95,260,154,150,203
1126,p_1127,1,905,189,471,160,150,183
1127,p_1128,1,995,228,403,154,148,185
1128,p_1129,1,908,225,348,149,154,196
1129,p_1130,1,928,256,265,147,150,194
1130,p_1131,1,921,318,609,156,150,183
1131,p_1132,1,837,119,176,150,141,179
1132,p_1133,1,1023,262,521,150,147,192
1133,p_1134,1,994,395,171,153,150,184
1134,p_1135,1,1033,328,381,146,136,197
1135,p_1136,1,1103,179,358,157,138,177
1136,p_1137,1,997,215,490,153,136,190
1137,p_1138,1,994,261,464,153,154,170
1138,p_1139,1,1017,365,374,155,141,172
1139,p_1140,1,1086,225,521,154,139,181
1140,p_1141,1,1013,323,352,153,138,193
1141,p_1142,1,1021,333,528,157,142,206
1142,p_1143,1,1103,150,453,149,138,174
1143,p_1144,1,1006,148,143,154,141,193
1144,p_1145,1,1100,152,365,154,143,192
1145,p_1146,1,1119,73,287,151,155,188
1146,p_1147,1,1023,184,320,158,148,175
1147,p_1148,1,1004,226,415,155,141,204
1148,p_1149,1,997,360,286,155,153,198
1149,p_1150,1,1017,294,172,150,139,202
1150,p_1151,1,1024,377,171,156,150,196
1151,p_1152,1,1009,397,652,149,150,175
1152,p_1153,0,912,503,193,144,134,173
1153,p_1154,0,954,113,373,141,136,183
1154,p_1155,0,947,106,475,139,124,176
1155,p_1156,0,1001,164,296,137,133,167
1156,p_1157,0,1004,209,313,137,126,162
1157,p_1158,0,951,168,679,144,133,164
1158,p_1159,0,978,302,531,141,128,155
1159,p_1160,0,836,345,351,151,157,178
1160,p_1161,0,819,289,259,152,157,183
1161,p_1162,0,819,258,465,154,157,194
1162,p_1163,0,818,176,67,158,139,207
1163,p_1164,0,813,128,435,154,147,176
1164,p_1165,0,768,287,514,152,153,198
1165,p_1166,0,877,218,438,155,148,200
1166,p_1167,0,881,191,112,155,160,180
1167,p_1168,0,830,107,267,154,136,197
1168,p_1169,0,823,483,526,155,146,181
1169,p_1170,0,888,258,567,158,138,176
1170,p_1171,0,879,265,799,155,146,186
1171,p_1172,0,761,250,129,155,157,179
1172,p_1173,0,893,247,235,152,141,181
1173,p_1174,0,755,164,321,156,150,180
1174,p_1175,0,828,348,346,152,150,170
1175,p_1176,0,873,134,513,156,147,177
1176,p_1177,0,865,161,511,151,140,182
1177,p_1178,0,830,198,327,155,159,207
1178,p_1179,0,818,145,160,154,145,194
1179,p_1180,0,808,429,465,158,144,202
1180,p_1181,0,1016,144,224,140,140,184
1181,p_1182,0,878,363,120,146,149,195
1182,p_1183,0,886,245,91,154,141,182
1183,p_1184,0,875,155,366,148,146,201
1184,p_1185,0,823,456,326,152,148,195
1185,p_1186,0,816,204,152,155,153,195
1186,p_1187,0,878,285,475,156,152,177
1187,p_1188,0,874,167,195,150,154,194
1188,p_1189,0,870,200,318,155,146,179
1189,p_1190,0,865,323,311,153,151,196
1190,p_1191,0,886,217,619,152,141,182
1191,p_1192,0,869,201,312,155,157,192
1192,p_1193,0,876,470,377,157,147,182
1193,p_1194,0,832,289,364,154,147,189
1194,p_1195,0,867,263,494,154,146,194
1195,p_1196,0,823,474,350,149,155,184
1196,p_1197,0,815,219,357,155,155,203
1197,p_1198,0,877,139,686,156,145,185
1198,p_1199,0,881,299,248,149,147,192
1199,p_1200,0,833,347,324,146,138,178
1200,p_1201,0,1017,201,413,146,124,194
1201,p_1202,0,1004,266,397,144,145,160
1202,p_1203,0,896,260,349,137,140,175
1203,p_1204,0,1017,335,214,142,143,187
1204,p_1205,0,1027,298,453,137,142,180
1205,p_1206,0,1007,258,229,140,134,179
1206,p_1207,0,1008,228,564,141,147,159
1207,p_1208,0,967,262,459,141,135,185
1208,p_1209,0,1006,390,267,140,138,173
1209,p_1210,0,894,173,359,141,137,181
1210,p_1211,0,897,209,167,143,124,169
1211,p_1212,0,1018,146,421,144,136,173
1212,p_1213,0,991,481,419,143,142,169
1213,p_1214,0,888,137,429,149,135,200
1214,p_1215,0,932,251,286,146,149,182
1215,p_1216,0,899,161,423,143,139,171
1216,p_1217,0,885,251,152,144,150,197
1217,p_1218,0,886,257,604,150,136,176
1218,p_1219,0,943,217,335,146,132,195
1219,p_1220,0,945,327,521,149,146,201
1220,p_1221,0,866,343,364,148,145,184
1221,p_1222,0,911,194,305,146,141,170
1222,p_1223,0,952,356,270,151,133,183
1223,p_1224,0,886,301,360,148,140,166
1224,p_1225,0,937,209,204,141,146,171
1225,p_1226,0,927,272,416,145,135,193
1226,p_1227,0,938,211,198,153,133,185
1227,p_1228,0,887,390,468,151,148,171
1228,p_1229,0,939,389,320,144,146,194
1229,p_1230,0,943,144,285,143,136,188
1230,p_1231,0,936,324,239,146,149,175
1231,p_1232,0,833,363,377,148,148,183
1232,p_1233,0,887,224,203,147,133,167
1233,p_1234,0,951,154,248,145,132,182
1234,p_1235,1,1004,162,384,163,162,195
1235,p_1236,1,1015,68,377,162,143,205
1236,p_1237,1,1008,286,446,162,156,189
1237,p_1238,1,937,235,402,164,156,202
1238,p_1239,1,919,251,476,162,146,187
1239,p_1240,1,919,264,453,156,160,207
1240,p_1241,1,905,206,545,156,152,208
1241,p_1242,1,1000,246,410,161,153,180
1242,p_1243,1,1002,290,483,161,162,184
1243,p_1244,1,1017,103,341,160,157,179
1244,p_1245,1,1013,263,446,164,159,210
1245,p_1246,1,1003,180,631,155,154,207
1246,p_1247,1,1007,225,259,164,143,176
1247,p_1248,1,1002,104,485,156,161,180
1248,p_1249,1,1008,270,388,159,159,184
1249,p_1250,1,1012,337,252,159,157,184
1250,p_1251,1,1102,366,171,163,162,194
1251,p_1252,1,1024,194,225,164,160,201
1252,p_1253,1,1011,212,438,158,160,193
1253,p_1254,1,1112,307,317,161,149,188
1254,p_1255,1,1102,240,317,164,145,189
1255,p_1256,1,1017,336,599,155,155,190
1256,p_1257,1,1015,308,345,163,162,208
1257,p_1258,1,1013,47,295,161,149,196
1258,p_1259,1,1019,322,538,162,150,186
1259,p_1260,1,1011,250,607,161,145,197
1260,p_1261,1,1100,180,222,156,158,194
1261,p_1262,1,1018,155,507,160,141,208
1262,p_1263,1,1003,206,386,157,156,185
1263,p_1264,1,1011,428,350,161,161,177
1264,p_1265,1,1021,298,459,160,150,199
1265,p_1266,1,1009,231,401,156,148,174
1266,p_1267,1,1110,179,153,161,146,188
1267,p_1268,1,1098,180,429,164,143,212
1268,p_1269,1,1089,220,404,159,150,197
1269,p_1270,1,1091,273,372,161,151,187
1270,p_1271,1,1112,314,575,161,147,182
1271,p_1272,1,1093,164,680,154,159,202
1272,p_1273,1,1124,297,530,163,162,187
1273,p_1274,1,1098,169,495,162,153,203
1274,p_1275,1,1073,131,392,157,152,203
1275,p_1276,1,904,87,289,163,154,200
1276,p_1277,1,913,361,504,164,161,215
1277,p_1278,1,928,227,319,163,161,192
1278,p_1279,1,1001,369,150,168,153,186
1279,p_1280,1,1007,132,362,169,155,197
1280,p_1281,1,987,48,477,170,163,184
1281,p_1282,1,1008,256,397,165,172,200
1282,p_1283,1,996,316,188,166,158,193
1283,p_1284,1,998,220,441,162,172,198
1284,p_1285,1,1014,413,104,169,167,192
1285,p_1286,1,1094,295,396,163,165,217
1286,p_1287,1,1106,214,383,170,154,211
1287,p_1288,1,1101,318,521,169,152,208
1288,p_1289,1,1101,377,398,170,152,214
1289,p_1290,1,1080,216,436,166,163,220
1290,p_1291,1,1117,266,317,167,153,201
1291,p_1292,1,1104,423,329,166,152,194
1292,p_1293,1,1094,378,496,172,167,229
1293,p_1294,1,1101,199,272,176,166,205
1294,p_1295,1,1185,355,358,179,175,207
1295,p_1296,1,1186,324,286,179,162,218
1296,p_1297,1,1093,90,99,172,165,193
1297,p_1298,1,1195,301,519,172,157,212
1298,p_1299,1,926,126,493,167,177,216
1299,p_1300,1,888,425,309,169,172,220
1300,p_1301,1,919,291,209,176,167,207
1301,p_1302,1,904,231,292,170,159,208
1302,p_1303,1,910,366,301,172,160,224
1303,p_1304,1,946,246,133,170,156,213
1304,p_1305,1,903,204,287,173,160,217
1305,p_1306,1,910,224,385,177,168,207
1306,p_1307,1,1190,269,486,173,160,201
1307,p_1308,1,1196,385,208,176,173,209
1308,p_1309,1,1178,245,329,170,176,226
1309,p_1310,1,1187,153,405,173,163,219
1310,p_1311,1,1164,338,401,175,158,221
1311,p_1312,1,1095,240,696,175,164,214
1312,p_1313,1,1182,246,437,180,161,189
1313,p_1314,1,1199,332,290,168,162,227
1314,p_1315,1,1178,189,302,173,165,226
1315,p_1316,1,1181,106,434,174,160,201
1316,p_1317,1,1189,87,521,175,173,205
1317,p_1318,1,1085,197,259,168,161,213
1318,p_1319,1,1086,312,364,171,164,210
1319,p_1320,1,1183,304,246,175,179,205
1320,p_1321,1,1207,302,621,176,163,223
1321,p_1322,1,1196,194,298,173,175,202
1322,p_1323,1,1187,306,262,173,163,208
1323,p_1324,1,1104,179,243,173,164,206
1324,p_1325,1,1084,355,252,175,161,222
1325,p_1326,1,1183,184,389,177,170,221
1326,p_1327,1,1181,253,281,173,173,215
1327,p_1328,0,773,261,312,170,171,225
1328,p_1329,0,780,237,360,170,167,227
1329,p_1330,0,746,255,504,176,166,202
1330,p_1331,0,820,335,386,182,176,202
1331,p_1332,0,825,98,621,180,172,222
1332,p_1333,0,804,395,375,183,185,217
1333,p_1334,0,823,156,715,179,182,200
1334,p_1335,0,901,323,525,184,172,222
1335,p_1336,0,863,317,361,161,161,188
1336,p_1337,0,875,249,378,157,150,214
1337,p_1338,0,870,295,71,159,149,199
1338,p_1339,0,888,166,262,160,145,179
1339,p_1340,0,891,317,116,160,147,204
1340,p_1341,0,871,322,309,159,163,212
1341,p_1342,0,891,180,482,159,151,201
1342,p_1343,0,830,276,205,158,152,198
1343,p_1344,0,887,193,290,168,146,175
1344,p_1345,0,875,192,288,169,152,192
1345,p_1346,0,863,150,425,162,155,211
1346,p_1347,0,942,358,208,160,142,187
1347,p_1348,0,869,325,346,165,146,181
1348,p_1349,0,887,343,432,160,159,199
1349,p_1350,0,881,408,386,159,159,196
1350,p_1351,0,873,98,200,160,154,215
1351,p_1352,0,872,319,381,160,160,199
1352,p_1353,0,912,386,569,164,146,207
1353,p_1354,0,864,440,322,163,144,210
1354,p_1355,0,869,338,272,161,145,196
1355,p_1356,0,936,320,412,169,160,206
1356,p_1357,0,870,276,267,157,149,194
1357,p_1358,0,933,143,258,163,165,210
1358,p_1359,0,931,130,368,155,145,201
1359,p_1360,0,936,204,344,165,150,178
1360,p_1361,0,872,257,376,160,161,190
1361,p_1362,0,926,368,409,167,169,205
1362,p_1363,0,884,193,393,168,159,193
1363,p_1364,0,926,215,405,163,160,194
1364,p_1365,0,901,149,443,190,185,222
1365,p_1366,0,841,302,371,187,184,242
1366,p_1367,0,958,354,331,186,186,222
1367,p_1368,0,882,278,534,193,180,222
1368,p_1369,0,839,237,182,191,181,217
1369,p_1370,0,914,302,175,194,173,219
1370,p_1371,0,895,78,393,191,183,233
1371,p_1372,0,848,132,385,193,192,229
1372,p_1373,0,906,57,262,197,193,239
1373,p_1374,0,900,300,444,190,192,242
1374,p_1375,0,895,257,385,191,176,236
1375,p_1376,0,921,227,439,193,186,240
1376,p_1377,0,914,362,335,192,191,243
1377,p_1378,0,899,275,323,187,178,213
1378,p_1379,0,842,296,563,193,191,241
1379,p_1380,0,833,309,363,195,184,240
1380,p_1381,0,718,229,408,183,181,226
1381,p_1382,0,884,142,648,146,145,190
1382,p_1383,0,747,326,320,142,146,174
1383,p_1384,0,891,236,421,147,148,200
1384,p_1385,0,790,183,300,146,144,198
1385,p_1386,0,883,109,418,146,139,192
1386,p_1387,0,773,242,309,148,132,161
1387,p_1388,0,852,201,308,148,141,198
1388,p_1389,0,734,379,563,141,150,173
1389,p_1390,0,846,177,410,148,146,175
1390,p_1391,0,832,230,397,142,137,181
1391,p_1392,0,842,357,421,147,129,196
1392,p_1393,0,884,249,428,151,143,188
1393,p_1394,0,798,342,317,148,147,188
1394,p_1395,0,830,158,347,146,146,199
1395,p_1396,0,714,255,479,152,133,174
1396,p_1397,0,733,377,437,146,148,189
1397,p_1398,0,833,237,449,145,147,190
1398,p_1399,0,789,76,520,144,147,174
1399,p_1400,0,739,450,126,147,149,176
1400,p_1401,0,848,235,275,144,139,184
1401,p_1402,0,834,303,256,166,160,210
1402,p_1403,0,770,245,186,168,153,206
1403,p_1404,0,757,90,294,177,167,222
1404,p_1405,0,809,102,371,181,185,236
1405,p_1406,0,718,256,420,181,164,208
1406,p_1407,0,757,282,547,184,184,224
1407,p_1408,0,705,73,450,183,168,226
1408,p_1409,0,803,254,400,147,134,202
1409,p_1410,0,785,265,187,152,149,171
1410,p_1411,0,729,302,407,144,144,179
1411,p_1412,0,732,193,176,146,139,175
1412,p_1413,0,880,87,329,145,141,187
1413,p_1414,0,850,199,349,147,141,194
1414,p_1415,0,702,84,207,154,162,183
1415,p_1416,0,836,489,444,154,145,177
1416,p_1417,0,826,453,147,157,136,196
1417,p_1418,0,831,182,437,158,156,178
1418,p_1419,0,727,286,362,155,147,194
1419,p_1420,0,780,260,494,151,143,177
1420,p_1421,0,819,316,475,151,154,185
1421,p_1422,0,825,312,271,152,155,195
1422,p_1423,0,838,264,240,152,153,184
1423,p_1424,0,835,163,172,159,156,177
1424,p_1425,0,816,161,373,152,144,184
1425,p_1426,0,823,145,581,153,147,201
1426,p_1427,0,814,205,521,153,153,179
1427,p_1428,0,817,233,319,159,141,178
1428,p_1429,0,819,411,483,154,159,180
1429,p_1430,0,817,305,502,158,144,187
1430,p_1431,0,723,214,412,152,157,195
1431,p_1432,0,704,261,388,161,143,193
1432,p_1433,0,876,333,264,156,153,170
1433,p_1434,0,706,182,389,155,148,189
1434,p_1435,0,764,428,167,153,152,188
1435,p_1436,0,803,261,554,164,162,204
1436,p_1437,0,751,340,335,179,165,220
1437,p_1438,0,724,126,307,173,163,199
1438,p_1439,0,778,459,98,174,168,194
1439,p_1440,0,768,393,205,170,179,218
1440,p_1441,0,772,193,327,176,168,204
1441,p_1442,0,777,267,555,175,165,213
1442,p_1443,0,637,209,390,184,168,212
1443,p_1444,0,770,245,293,180,169,230
1444,p_1445,0,794,351,589,177,178,231
1445,p_1446,0,786,295,476,184,174,233
1446,p_1447,0,747,440,148,177,173,232
1447,p_1448,0,763,308,354,182,165,213
1448,p_1449,0,705,467,299,185,165,227
1449,p_1450,0,760,124,573,179,183,229
1450,p_1451,0,760,338,228,183,165,208
1451,p_1452,0,831,131,149,183,172,217
1452,p_1453,0,757,536,326,183,185,207
1453,p_1454,0,761,369,232,186,183,225
1454,p_1455,1,1102,355,391,180,181,216
1455,p_1456,1,1093,239,349,185,182,231
1456,p_1457,1,1088,279,382,175,181,197
1457,p_1458,1,1195,126,361,180,173,222
1458,p_1459,1,1177,175,362,176,179,201
1459,p_1460,1,1172,281,339,179,169,230
1460,p_1461,1,1193,158,269,186,180,223
1461,p_1462,1,1193,399,189,185,174,218
1462,p_1463,1,910,581,427,179,164,216
1463,p_1464,1,911,58,75,183,180,230
1464,p_1465,1,1006,396,288,177,169,206
1465,p_1466,1,1000,184,484,181,181,223
1466,p_1467,1,1002,265,349,187,180,234
1467,p_1468,1,1000,302,438,185,169,210
1468,p_1469,1,1000,81,242,182,179,204
1469,p_1470,1,910,243,205,178,171,218
1470,p_1471,1,998,230,355,180,167,228
1471,p_1472,1,926,312,251,181,179,230
1472,p_1473,1,997,306,526,177,178,238
1473,p_1474,1,1003,413,290,184,175,226
1474,p_1475,1,1006,203,188,180,173,230
1475,p_1476,1,1000,307,135,184,165,201
1476,p_1477,1,1169,257,419,185,167,216
1477,p_1478,1,1186,187,132,182,178,211
1478,p_1479,1,1093,348,263,175,167,219
1479,p_1480,1,1168,207,282,186,172,224
1480,p_1481,1,1200,366,296,182,184,229
1481,p_1482,1,1158,297,252,184,174,220
1482,p_1483,1,1176,140,464,185,182,215
1483,p_1484,1,1185,210,526,184,181,200
1484,p_1485,1,1101,339,269,181,178,207
1485,p_1486,1,1102,260,237,180,167,204
1486,p_1487,1,1086,251,184,177,173,224
1487,p_1488,1,1081,202,539,182,176,201
1488,p_1489,1,1181,263,312,180,185,231
1489,p_1490,1,1179,184,333,179,169,204
1490,p_1491,1,1101,274,407,179,167,220
1491,p_1492,1,1102,116,205,184,168,203
1492,p_1493,1,1199,82,307,180,168,206
1493,p_1494,1,1170,241,312,192,184,236
1494,p_1495,1,1196,173,473,188,178,240
1495,p_1496,1,1176,469,288,187,186,237
1496,p_1497,1,1102,450,226,192,173,209
1497,p_1498,1,1080,243,579,192,185,239
1498,p_1499,1,1182,292,78,184,175,223
1499,p_1500,1,1168,220,563,186,182,218
1500,p_1501,1,1197,315,185,189,179,219
1501,p_1502,1,1192,124,403,190,187,234
1502,p_1503,1,1172,149,159,189,178,230
1503,p_1504,1,1183,155,398,188,172,235
1504,p_1505,1,1162,215,232,188,179,232
1505,p_1506,1,1169,190,464,184,173,213
1506,p_1507,1,1073,76,216,193,186,235
1507,p_1508,1,1103,336,258,185,171,240
1508,p_1509,1,907,248,356,187,183,221
1509,p_1510,1,1005,191,600,188,176,215
1510,p_1511,1,1020,124,299,193,176,227
1511,p_1512,1,991,204,208,185,187,226
1512,p_1513,1,993,303,270,193,173,226
1513,p_1514,1,993,54,321,187,179,232
1514,p_1515,1,1013,384,242,187,189,231
1515,p_1516,1,937,415,558,192,171,228
1516,p_1517,1,834,293,275,191,186,214
1517,p_1518,1,820,355,297,186,180,206
1518,p_1519,1,918,210,596,192,177,235
1519,p_1520,1,842,396,363,185,186,239
1520,p_1521,1,809,235,447,192,173,212
1521,p_1522,1,1177,364,489,191,176,236
1522,p_1523,1,1186,326,364,187,187,222
1523,p_1524,1,1185,372,38,183,174,218
1524,p_1525,1,1195,200,358,188,184,234
1525,p_1526,1,1178,212,367,189,175,208
1526,p_1527,1,1172,201,255,191,178,210
1527,p_1528,1,1173,280,167,182,181,239
1528,p_1529,1,1178,318,303,184,186,216
1529,p_1530,1,1176,318,226,183,182,225
1530,p_1531,1,1185,345,112,189,181,219
1531,p_1532,1,1173,173,439,186,173,214
1532,p_1533,1,999,223,228,194,195,237
1533,p_1534,1,1005,289,383,190,197,242
1534,p_1535,1,1004,503,370,189,194,229
1535,p_1536,1,986,135,156,198,192,233
1536,p_1537,1,1083,196,258,194,180,222
1537,p_1538,1,992,284,302,197,178,230
1538,p_1539,1,992,316,389,191,194,249
1539,p_1540,1,999,116,198,197,187,213
1540,p_1541,1,993,361,376,194,187,221
1541,p_1542,1,1019,212,320,191,180,215
1542,p_1543,1,1098,391,52,194,196,241
1543,p_1544,1,1090,242,526,195,186,244
1544,p_1545,1,1173,249,158,197,182,223
1545,p_1546,1,1066,386,325,194,191,213
1546,p_1547,1,1184,264,438,193,192,250
1547,p_1548,1,1172,291,468,195,179,240
1548,p_1549,1,1180,278,446,199,180,225
1549,p_1550,1,1183,325,276,197,191,236
1550,p_1551,1,1193,141,204,196,179,214
1551,p_1552,1,1082,372,331,193,181,244
1552,p_1553,1,1172,327,174,191,181,231
1553,p_1554,1,1097,153,137,191,184,224
1554,p_1555,1,1097,86,154,192,199,234
1555,p_1556,1,1191,205,498,195,181,239
1556,p_1557,1,1162,222,486,195,188,224
1557,p_1558,1,1110,163,522,200,201,233
1558,p_1559,1,1187,193,402,192,187,242
1559,p_1560,1,1092,249,572,197,189,229
1560,p_1561,1,1172,207,526,197,191,210
1561,p_1562,1,1164,170,776,202,203,237
1562,p_1563,1,1071,230,548,201,202,254
1563,p_1564,1,1096,243,317,197,203,231
1564,p_1565,1,1175,266,415,204,184,244
1565,p_1566,1,1182,119,493,201,193,248
1566,p_1567,1,1073,303,467,200,203,234
1567,p_1568,1,1177,296,227,198,197,241
1568,p_1569,1,1181,210,281,201,199,228
1569,p_1570,1,1165,231,338,199,203,232
1570,p_1571,1,1164,130,354,201,198,224
1571,p_1572,1,1092,227,488,196,200,244
1572,p_1573,1,1026,342,296,202,189,221
1573,p_1574,1,1092,189,144,200,205,221
1574,p_1575,1,991,160,469,200,200,240
1575,p_1576,1,999,240,376,197,196,249
1576,p_1577,1,1001,206,678,203,192,224
1577,p_1578,1,1094,44,302,203,202,241
1578,p_1579,1,1068,231,693,204,198,254
1579,p_1580,1,1087,237,242,203,190,247
1580,p_1581,1,1078,133,136,201,192,230
1581,p_1582,1,1081,329,386,205,200,253
1582,p_1583,1,1087,211,214,199,183,223
1583,p_1584,1,1097,89,492,206,204,239
1584,p_1585,0,951,376,122,121,106,166
1585,p_1586,0,979,187,360,124,117,149
1586,p_1587,0,961,215,450,126,107,157
1587,p_1588,1,1077,365,343,208,210,239
1588,p_1589,1,1060,285,571,209,208,252
1589,p_1590,1,1075,325,464,207,208,258
1590,p_1591,1,1093,305,405,208,213,230
1591,p_1592,1,1083,133,476,210,211,249
1592,p_1593,1,1076,275,72,208,194,244
1593,p_1594,1,1070,376,395,209,207,259
1594,p_1595,1,1074,488,244,209,200,239
1595,p_1596,1,1072,283,368,209,197,263
1596,p_1597,1,1076,314,430,210,218,259
1597,p_1598,1,1064,304,277,207,197,238
1598,p_1599,1,1084,299,380,209,189,230
1599,p_1600,1,1081,446,226,213,194,260
1600,p_1601,1,1096,205,179,205,216,257
1601,p_1602,1,1165,204,358,208,208,226
1602,p_1603,1,1155,519,156,209,197,229
1603,p_1604,1,1155,113,351,206,207,234
1604,p_1605,1,1095,172,353,209,213,235
1605,p_1606,1,1059,105,393,206,210,235
1606,p_1607,1,1072,329,245,211,200,254
1607,p_1608,1,1072,220,332,208,211,227
1608,p_1609,1,1090,244,245,214,202,239
1609,p_1610,1,1086,336,344,211,205,248
1610,p_1611,1,1080,331,411,209,203,246
1611,p_1612,1,1160,43,525,211,202,262
1612,p_1613,1,1156,402,317,202,204,243
1613,p_1614,1,1160,350,294,205,192,238
1614,p_1615,1,1090,286,496,210,203,249
1615,p_1616,0,1062,91,438,121,107,161
1616,p_1617,0,1060,153,429,118,114,138
1617,p_1618,0,1066,242,200,119,122,145
1618,p_1619,0,1064,212,206,121,106,147
1619,p_1620,0,1092,261,106,121,123,163
1620,p_1621,0,1065,243,662,124,114,142
1621,p_1622,0,1082,218,272,127,117,156
1622,p_1623,0,1060,123,177,125,127,164
1623,p_1624,0,1072,163,255,128,110,167
1624,p_1625,0,1057,331,517,124,122,174
1625,p_1626,0,1079,259,583,125,115,172
1626,p_1627,0,1027,229,192,124,117,143
1627,p_1628,0,753,262,308,207,198,259
1628,p_1629,0,744,116,230,212,205,240
1629,p_1630,0,751,250,265,214,201,247
1630,p_1631,0,812,345,629,206,204,245
1631,p_1632,0,723,250,189,205,195,242
1632,p_1633,0,793,167,434,202,199,239
1633,p_1634,0,732,247,318,209,188,229
1634,p_1635,0,809,279,338,204,197,241
1635,p_1636,0,917,151,500,210,213,229
1636,p_1637,0,894,199,428,211,191,237
1637,p_1638,0,897,231,373,207,201,261
1638,p_1639,0,802,198,364,202,199,246
1639,p_1640,0,739,253,384,206,202,248
1640,p_1641,0,864,352,209,198,198,226
1641,p_1642,0,933,259,205,197,199,243
1642,p_1643,0,927,295,532,191,190,228
1643,p_1644,0,929,288,353,198,194,239
1644,p_1645,0,838,129,596,198,203,248
1645,p_1646,0,853,184,386,195,192,246
1646,p_1647,0,940,270,249,191,186,216
1647,p_1648,0,849,100,334,201,197,224
1648,p_1649,0,922,290,181,201,195,245
1649,p_1650,0,930,395,472,194,192,234
1650,p_1651,0,865,163,401,193,203,233
1651,p_1652,0,926,296,565,194,189,215
1652,p_1653,0,922,294,449,196,196,232
1653,p_1654,0,907,308,370,196,193,237
1654,p_1655,0,926,145,188,191,191,222
1655,p_1656,0,920,348,156,198,202,237
1656,p_1657,0,861,270,264,200,182,242
1657,p_1658,0,913,161,386,199,185,218
1658,p_1659,0,920,291,299,196,182,246
1659,p_1660,0,944,327,245,199,196,244
1660,p_1661,0,926,361,545,197,185,219
1661,p_1662,0,918,249,303,199,183,229
1662,p_1663,0,760,205,299,217,218,236
1663,p_1664,0,798,432,375,213,215,244
1664,p_1665,0,825,205,179,209,210,235
1665,p_1666,0,837,95,314,213,214,236
1666,p_1667,0,755,223,347,211,204,262
1667,p_1668,0,747,155,480,218,203,257
1668,p_1669,0,756,74,671,218,193,235
1669,p_1670,0,828,229,647,211,207,239
1670,p_1671,0,784,283,291,214,218,268
1671,p_1672,0,788,191,594,217,220,260
1672,p_1673,0,788,248,380,223,206,260
1673,p_1674,0,877,196,202,220,213,268
1674,p_1675,0,851,364,405,226,204,270
1675,p_1676,0,886,91,339,219,205,252
1676,p_1677,0,836,314,255,211,221,255
1677,p_1678,0,802,208,329,218,219,245
1678,p_1679,0,867,83,244,225,200,251
1679,p_1680,0,861,218,268,222,217,261
1680,p_1681,0,789,88,303,220,203,267
1681,p_1682,0,875,294,74,217,209,245
1682,p_1683,0,839,383,257,206,218,249
1683,p_1684,0,899,271,659,218,210,238
1684,p_1685,0,909,154,178,214,208,234
1685,p_1686,0,913,290,491,212,200,237
1686,p_1687,1,1074,160,468,216,207,265
1687,p_1688,1,1148,417,362,216,216,256
1688,p_1689,1,1162,277,626,208,211,238
1689,p_1690,1,1074,277,346,209,204,245
1690,p_1691,1,1141,434,355,223,209,257
1691,p_1692,1,1064,294,416,219,209,236
1692,p_1693,1,967,134,416,220,200,253
1693,p_1694,1,978,314,378,220,204,263
1694,p_1695,1,984,175,445,215,207,258
1695,p_1696,1,1062,123,338,216,212,262
1696,p_1697,1,1073,408,429,218,217,261
1697,p_1698,1,1156,249,560,222,202,243
1698,p_1699,1,1072,332,271,216,208,234
1699,p_1700,1,1072,472,451,217,211,239
1700,p_1701,1,1074,105,254,213,211,250
1701,p_1702,1,1056,254,422,212,215,250
1702,p_1703,1,1070,209,196,218,213,260
1703,p_1704,1,985,206,425,218,210,249
1704,p_1705,1,1064,159,409,214,211,257
1705,p_1706,1,1071,245,456,214,203,257
1706,p_1707,1,1241,508,328,217,199,249
1707,p_1708,1,1164,206,465,214,211,259
1708,p_1709,1,1171,149,611,219,208,262
1709,p_1710,1,1165,318,189,219,223,248
1710,p_1711,1,1146,138,344,218,214,250
1711,p_1712,1,1068,284,453,215,204,261
1712,p_1713,1,1144,378,523,215,218,238
1713,p_1714,1,1115,236,601,218,201,242
1714,p_1715,1,1163,335,175,212,203,226
1715,p_1716,1,1160,247,401,223,217,240
1716,p_1717,1,1172,368,455,212,201,262
1717,p_1718,1,1160,264,453,216,208,247
1718,p_1719,1,1144,287,334,215,208,249
1719,p_1720,1,1077,321,206,216,212,234
1720,p_1721,1,1068,314,151,223,221,263
1721,p_1722,1,1094,316,398,224,221,259
1722,p_1723,1,1040,153,298,220,207,249
1723,p_1724,1,1055,237,324,229,216,247
1724,p_1725,1,1056,332,361,224,224,257
1725,p_1726,1,1148,61,61,228,211,252
1726,p_1727,1,1160,313,268,221,224,244
1727,p_1728,1,1158,201,389,225,211,272
1728,p_1729,1,1148,237,384,226,214,254
1729,p_1730,1,1161,310,385,224,217,259
1730,p_1731,1,1127,347,256,226,224,249
1731,p_1732,1,1053,450,354,228,212,265
1732,p_1733,1,974,427,398,223,209,250
1733,p_1734,1,980,244,270,225,211,253
1734,p_1735,1,988,181,504,227,215,266
1735,p_1736,1,972,306,204,222,222,248
1736,p_1737,1,1084,70,249,225,214,271
1737,p_1738,1,1063,157,408,221,225,274
1738,p_1739,1,1064,331,336,219,218,242
1739,p_1740,1,987,129,397,220,222,255
1740,p_1741,1,978,256,492,226,225,273
1741,p_1742,1,908,370,349,228,230,248
1742,p_1743,1,1062,317,344,222,219,246
1743,p_1744,1,983,187,371,224,206,274
1744,p_1745,1,1061,206,228,221,213,265
1745,p_1746,1,1059,89,607,225,212,258
1746,p_1747,1,1059,317,183,226,225,270
1747,p_1748,1,1064,331,293,229,222,252
1748,p_1749,1,1064,120,343,222,206,267
1749,p_1750,1,1067,451,387,222,206,256
1750,p_1751,1,1127,214,279,229,221,258
1751,p_1752,1,1046,130,191,228,209,252
1752,p_1753,1,1054,240,445,227,209,247
1753,p_1754,1,1075,218,230,228,230,240
1754,p_1755,1,1148,49,397,223,217,264
1755,p_1756,1,1052,304,131,224,207,264
1756,p_1757,1,1065,293,511,223,218,274
1757,p_1758,0,1011,309,447,227,217,256
1758,p_1759,0,831,267,457,226,221,253
1759,p_1760,0,1004,188,554,230,228,249
1760,p_1761,0,848,208,588,231,217,246
1761,p_1762,0,938,146,228,230,217,265
1762,p_1763,0,835,104,361,226,215,280
1763,p_1764,0,829,302,327,227,225,249
1764,p_1765,0,829,208,580,231,221,258
1765,p_1766,0,844,387,532,229,220,261
1766,p_1767,0,984,356,505,232,227,267
1767,p_1768,0,838,348,179,234,214,280
1768,p_1769,0,1003,349,321,231,226,278
1769,p_1770,0,842,381,547,228,222,267
1770,p_1771,0,830,218,424,233,220,249
1771,p_1772,0,997,264,479,226,227,269
1772,p_1773,0,834,166,448,230,215,247
1773,p_1774,0,931,381,195,229,216,263
1774,p_1775,0,847,361,271,227,232,251
1775,p_1776,0,1008,327,508,229,211,267
1776,p_1777,0,834,314,404,228,223,259
1777,p_1778,0,1018,202,309,231,228,273
1778,p_1779,0,846,336,241,230,224,259
1779,p_1780,0,911,306,355,236,222,246
1780,p_1781,0,920,200,279,229,220,281
1781,p_1782,0,792,336,514,233,227,286
1782,p_1783,0,858,262,324,226,230,275
1783,p_1784,0,830,208,386,233,225,255
1784,p_1785,0,802,291,301,240,240,283
1785,p_1786,1,1124,211,287,224,224,263
1786,p_1787,1,1140,603,488,227,219,271
1787,p_1788,1,1132,245,363,234,222,283
1788,p_1789,1,1117,265,298,227,232,263
1789,p_1790,1,1039,500,496,233,224,270
1790,p_1791,1,1060,281,401,227,233,256
1791,p_1792,1,1123,250,369,229,231,261
1792,p_1793,1,1131,152,183,232,213,273
1793,p_1794,1,1118,349,196,231,237,274
1794,p_1795,1,1113,378,373,230,216,251
1795,p_1796,1,1139,192,296,232,226,272
1796,p_1797,1,1125,249,552,234,220,262
1797,p_1798,1,1129,293,189,232,225,269
1798,p_1799,1,1124,305,429,226,213,252
1799,p_1800,1,1139,148,183,234,222,276
1800,p_1801,1,1126,515,289,239,233,264
1801,p_1802,1,1120,351,500,237,226,267
1802,p_1803,1,1096,176,326,240,230,284
1803,p_1804,1,1063,167,219,240,237,259
1804,p_1805,1,1048,421,258,238,224,272
1805,p_1806,1,1115,248,562,242,225,263
1806,p_1807,1,1096,218,479,233,227,265
1807,p_1808,1,1106,373,329,236,238,262
1808,p_1809,1,1126,249,638,233,227,259
1809,p_1810,1,1051,435,496,239,225,276
1810,p_1811,1,1110,357,291,240,233,275
1811,p_1812,1,1120,241,359,233,241,262
1812,p_1813,1,1130,190,145,239,225,256
1813,p_1814,1,1026,225,487,238,232,271
1814,p_1815,1,1044,335,367,240,231,274
1815,p_1816,1,1120,359,323,231,226,262
1816,p_1817,1,1124,243,142,238,224,274
1817,p_1818,1,1036,76,333,235,225,281
1818,p_1819,1,1111,247,563,245,238,263
1819,p_1820,1,1112,194,277,235,229,258
1820,p_1821,1,1123,260,648,239,237,277
1821,p_1822,1,1116,300,174,243,220,289
1822,p_1823,1,1125,340,498,241,232,286
1823,p_1824,1,1129,280,737,241,232,283
1824,p_1825,1,1107,282,578,239,233,285
1825,p_1826,1,1122,372,530,238,227,286
1826,p_1827,1,1123,385,425,236,221,259
1827,p_1828,1,1124,217,552,236,236,257
1828,p_1829,1,1130,243,600,240,218,261
1829,p_1830,1,1117,185,485,231,238,271
1830,p_1831,1,1141,134,433,240,238,259
1831,p_1832,1,1105,302,539,234,227,258
1832,p_1833,1,1121,135,462,238,231,273
1833,p_1834,1,1133,443,414,237,231,289
1834,p_1835,1,1127,264,402,233,224,280
1835,p_1836,1,1053,330,417,231,227,258
1836,p_1837,1,1023,242,146,242,234,260
1837,p_1838,0,919,260,396,243,243,268
1838,p_1839,0,911,189,214,247,239,287
1839,p_1840,0,908,302,156,241,236,280
1840,p_1841,0,910,304,462,248,240,288
1841,p_1842,0,907,310,438,247,239,299
1842,p_1843,0,1008,263,482,247,246,269
1843,p_1844,0,916,136,459,243,236,293
1844,p_1845,0,918,257,507,250,247,291
1845,p_1846,0,930,339,368,245,228,279
1846,p_1847,0,1180,319,190,242,236,280
1847,p_1848,0,1075,262,238,250,240,270
1848,p_1849,0,1176,380,415,248,244,292
1849,p_1850,0,1174,387,314,247,248,273
1850,p_1851,0,1196,180,380,246,234,278
1851,p_1852,0,1181,213,523,246,240,272
1852,p_1853,0,1183,306,288,251,225,293
1853,p_1854,0,1197,292,310,249,243,287
1854,p_1855,0,1091,228,338,247,245,263
1855,p_1856,0,1082,310,800,248,234,291
1856,p_1857,0,1099,366,245,250,248,290
1857,p_1858,0,1095,108,199,249,240,295
1858,p_1859,0,913,302,70,247,239,288
1859,p_1860,0,914,225,272,248,232,289
1860,p_1861,0,909,137,230,246,252,295
1861,p_1862,0,1066,251,474,246,246,298
1862,p_1863,0,1086,201,649,251,250,286
1863,p_1864,0,989,322,182,249,231,289
1864,p_1865,0,1166,338,162,248,240,276
1865,p_1866,0,1207,127,513,250,231,272
1866,p_1867,0,1178,169,388,249,243,269
1867,p_1868,0,1195,215,373,247,231,294
1868,p_1869,0,1200,285,131,247,244,294
1869,p_1870,0,1091,224,459,242,254,284
1870,p_1871,0,1090,239,294,248,252,286
1871,p_1872,0,1043,518,257,252,257,304
1872,p_1873,0,1043,209,151,249,235,298
1873,p_1874,0,1038,203,434,246,241,275
1874,p_1875,0,860,187,368,253,235,295
1875,p_1876,0,1029,296,396,257,251,292
1876,p_1877,0,926,155,512,251,246,302
1877,p_1878,0,1030,137,386,252,252,299
1878,p_1879,0,1035,133,139,249,253,299
1879,p_1880,1,1107,217,565,239,242,258
1880,p_1881,1,1099,249,458,249,236,294
1881,p_1882,1,1036,302,672,248,240,298
1882,p_1883,1,1038,218,207,248,235,262
1883,p_1884,1,1092,364,274,242,240,290
1884,p_1885,1,1096,410,265,242,231,281
1885,p_1886,1,1082,129,233,238,246,284
1886,p_1887,1,1098,319,363,239,235,260
1887,p_1888,1,1117,170,205,241,231,289
1888,p_1889,1,1091,399,484,239,233,274
1889,p_1890,1,1092,168,413,245,240,290
1890,p_1891,1,1101,242,310,245,245,283
1891,p_1892,1,1115,188,511,245,238,290
1892,p_1893,1,1086,188,331,240,228,268
1893,p_1894,1,793,94,274,245,233,261
1894,p_1895,1,1096,244,658,240,235,275
1895,p_1896,1,1179,200,296,247,237,282
1896,p_1897,1,1038,448,273,245,235,293
1897,p_1898,1,1080,140,555,247,242,285
1898,p_1899,1,1097,171,612,244,234,282
1899,p_1900,1,1100,391,252,243,245,267
1900,p_1901,1,1095,165,228,254,239,279
1901,p_1902,1,1158,247,183,252,249,303
1902,p_1903,1,1081,381,256,250,247,294
1903,p_1904,1,783,373,538,252,240,273
1904,p_1905,1,1083,358,476,250,243,291
1905,p_1906,1,1095,335,438,253,232,270
1906,p_1907,1,1094,272,865,249,250,294
1907,p_1908,1,1060,91,184,248,238,284
1908,p_1909,1,1091,277,181,257,247,276
1909,p_1910,1,1101,174,562,252,237,286
1910,p_1911,1,1097,398,427,252,251,288
1911,p_1912,1,1156,98,227,248,241,275
1912,p_1913,1,1164,341,393,249,244,273
1913,p_1914,1,774,319,396,253,249,272
1914,p_1915,1,1100,484,323,251,245,282
1915,p_1916,1,1173,259,274,252,239,302
1916,p_1917,1,1087,202,326,246,242,275
1917,p_1918,1,1215,387,450,252,239,279
1918,p_1919,1,1141,312,328,250,255,269
1919,p_1920,1,1158,221,223,252,245,275
1920,p_1921,1,1151,351,104,245,245,271
1921,p_1922,1,1096,124,140,249,237,302
1922,p_1923,1,1233,346,528,250,241,269
1923,p_1924,1,1088,60,543,253,253,315
1924,p_1925,1,997,259,376,255,254,306
1925,p_1926,1,1051,463,298,260,243,294
1926,p_1927,1,1069,239,176,265,245,283
1927,p_1928,1,1077,382,403,256,253,275
1928,p_1929,1,1078,179,261,258,260,282
1929,p_1930,1,1076,299,363,261,243,276
1930,p_1931,1,1142,302,249,256,256,315
1931,p_1932,1,1062,201,203,260,258,305
1932,p_1933,1,1085,263,290,260,257,286
1933,p_1934,1,992,302,426,260,237,272
1934,p_1935,1,1068,179,794,262,259,303
1935,p_1936,1,1070,381,337,256,255,298
1936,p_1937,1,989,327,452,260,250,299
1937,p_1938,1,983,170,636,260,246,290
1938,p_1939,1,1076,337,472,256,259,299
1939,p_1940,1,1064,262,293,260,251,281
1940,p_1941,1,1148,342,163,257,242,278
1941,p_1942,1,1080,131,545,255,253,294
1942,p_1943,1,1046,347,249,254,257,306
1943,p_1944,1,1143,336,235,261,243,305
1944,p_1945,1,1157,334,210,260,248,308
1945,p_1946,1,1077,280,412,258,244,310
1946,p_1947,1,1059,418,139,256,252,311
1947,p_1948,1,1059,330,374,263,248,297
1948,p_1949,1,1141,193,552,256,259,310
1949,p_1950,1,1140,113,474,269,260,289
1950,p_1951,1,1055,212,247,261,254,296
1951,p_1952,1,1125,408,85,261,249,306
1952,p_1953,1,1128,72,108,268,249,310
1953,p_1954,1,1137,258,568,263,264,277
1954,p_1955,1,1070,223,328,262,264,283
1955,p_1956,1,1057,237,81,265,264,315
1956,p_1957,1,1211,282,489,268,262,289
1957,p_1958,1,1202,144,184,265,253,308
1958,p_1959,1,1137,102,475,269,266,304
1959,p_1960,1,1147,219,205,259,248,283
1960,p_1961,1,1127,125,513,262,260,299
1961,p_1962,1,1154,219,259,261,259,298
1962,p_1963,1,1118,286,89,268,262,288
1963,p_1964,1,1132,214,151,270,252,308
1964,p_1965,0,1129,176,348,268,249,282
1965,p_1966,0,1125,354,344,274,260,313
1966,p_1967,0,1129,302,147,264,269,303
1967,p_1968,0,1114,345,164,265,254,301
1968,p_1969,0,1130,195,281,266,264,290
1969,p_1970,0,1126,393,394,264,252,301
1970,p_1971,0,1027,355,593,268,259,311
1971,p_1972,0,1124,249,405,268,258,307
1972,p_1973,0,1009,292,471,270,267,287
1973,p_1974,0,1038,121,660,261,255,304
1974,p_1975,0,1132,361,227,263,253,313
1975,p_1976,0,1127,300,386,268,268,320
1976,p_1977,0,1056,387,395,273,260,302
1977,p_1978,0,1070,354,244,271,263,303
1978,p_1979,0,1067,107,402,268,266,324
1979,p_1980,0,1057,313,214,280,254,289
1980,p_1981,0,1071,185,403,270,259,300
1981,p_1982,0,1078,202,267,273,274,305
1982,p_1983,0,1070,54,363,269,270,321
1983,p_1984,0,1072,226,698,270,274,321
1984,p_1985,0,1079,465,341,270,263,314
1985,p_1986,0,960,182,489,275,274,315
1986,p_1987,0,1072,302,382,274,258,300
1987,p_1988,0,1049,217,424,274,261,294
1988,p_1989,0,997,250,406,271,263,292
1989,p_1990,0,959,241,343,276,263,322
1990,p_1991,0,1058,115,358,270,267,304
1991,p_1992,0,1066,256,387,271,250,296
1992,p_1993,0,1056,137,421,275,253,316
1993,p_1994,0,1064,294,363,269,274,307
1994,p_1995,0,1068,200,179,269,256,295
1995,p_1996,0,1060,242,552,271,274,302
1996,p_1997,0,1082,83,394,275,256,310
1997,p_1998,0,1081,297,471,276,265,314
1998,p_1999,0,1072,242,382,271,264,315
1999,p_2000,0,966,280,185,276,271,303
2000,p_2001,0,1069,188,288,274,255,299
2001,p_2002,0,964,222,236,269,270,323
2002,p_2003,0,979,227,192,274,268,322
2003,p_2004,0,964,462,406,274,269,315
2004,p_2005,0,975,113,45,272,266,314
2005,p_2006,0,980,73,216,270,255,311
2006,p_2007,0,987,328,331,288,267,325
2007,p_2008,0,1005,207,348,281,265,316
2008,p_2009,0,1021,94,204,282,271,326
2009,p_2010,0,1015,317,324,284,282,321
2010,p_2011,0,1006,240,410,279,266,310
2011,p_2012,0,990,146,368,284,287,303
2012,p_2013,0,1019,240,130,279,272,330
2013,p_2014,0,1032,428,429,283,284,327
2014,p_2015,0,1023,359,96,285,270,310
2015,p_2016,0,1016,146,373,279,268,334
2016,p_2017,0,1013,116,386,284,283,318
2017,p_2018,0,1015,237,369,280,277,303
2018,p_2019,0,1022,154,608,284,278,326
2019,p_2020,0,1011,221,371,285,278,307
2020,p_2021,0,1016,203,381,282,279,322
2021,p_2022,0,1002,157,302,284,274,327
2022,p_2023,0,1013,310,386,282,276,328
2023,p_2024,0,1022,379,403,286,285,307
2024,p_2025,0,1013,315,543,277,277,321
2025,p_2026,0,997,114,570,279,276,313
2026,p_2027,0,1111,218,521,280,272,311
2027,p_2028,0,1018,212,424,280,283,323
2028,p_2029,0,1114,195,71,284,285,320
2029,p_2030,0,990,222,194,281,275,327
2030,p_2031,0,1001,433,288,283,277,324
2031,p_2032,0,1012,241,510,281,284,320
2032,p_2033,0,1012,318,456,287,273,330
2033,p_2034,0,1115,204,237,282,282,328
2034,p_2035,0,1018,278,425,285,283,318
2035,p_2036,0,1115,308,107,285,278,300
2036,p_2037,0,1015,222,275,286,269,337
2037,p_2038,0,1132,233,569,284,266,331
2038,p_2039,0,1017,229,333,282,287,322
2039,p_2040,0,1122,140,329,282,271,320
2040,p_2041,0,1009,230,288,282,272,331
2041,p_2042,0,1120,126,404,280,287,317
2042,p_2043,0,1010,305,378,283,284,331
2043,p_2044,0,1022,328,530,278,276,334
2044,p_2045,0,999,385,349,286,272,328
2045,p_2046,0,1130,269,330,280,292,328
2046,p_2047,0,1120,269,242,283,275,327
2047,p_2048,0,1126,165,488,281,285,325
2048,p_2049,0,1112,222,309,284,279,324
2049,p_2050,0,1006,202,273,287,279,336
2050,p_2051,0,1014,283,358,287,278,314
2051,p_2052,0,1108,121,302,285,281,321
2052,p_2053,0,1149,215,706,281,272,304
2053,p_2054,0,1122,179,245,279,265,325
2054,p_2055,0,1109,265,545,281,268,319
2055,p_2056,0,1001,382,411,287,282,318
2056,p_2057,0,1019,373,513,280,285,331
2057,p_2058,0,917,133,188,289,278,314
2058,p_2059,0,908,225,419,283,264,328
2059,p_2060,0,923,326,329,281,275,330
2060,p_2061,0,1010,234,503,278,266,317
2061,p_2062,0,1016,436,275,283,272,324
2062,p_2063,0,928,222,302,282,288,308
2063,p_2064,0,991,130,377,283,284,302
2064,p_2065,0,1027,254,461,285,273,335
2065,p_2066,0,1109,265,403,287,272,306
2066,p_2067,0,1129,259,539,284,280,332
2067,p_2068,0,952,415,399,289,273,330
2068,p_2069,0,958,301,427,290,281,333
2069,p_2070,0,960,248,294,291,275,308
2070,p_2071,0,1138,137,350,291,283,331
2071,p_2072,0,1071,513,290,286,290,324
2072,p_2073,0,1047,153,244,280,274,317
2073,p_2074,0,1055,220,496,283,276,336
2074,p_2075,0,1108,327,217,285,270,325
2075,p_2076,0,1106,234,463,285,280,329
2076,p_2077,0,1099,142,293,293,269,326
2077,p_2078,0,1112,244,402,286,272,319
2078,p_2079,0,1122,48,490,282,283,333
2079,p_2080,0,1109,394,227,286,284,320
2080,p_2081,0,1119,223,539,287,268,334
2081,p_2082,0,1101,255,439,285,285,322
2082,p_2083,0,1100,229,188,286,280,299
2083,p_2084,0,1121,268,176,283,274,306
2084,p_2085,0,1105,413,561,282,271,329
2085,p_2086,0,1099,119,258,286,273,305
2086,p_2087,0,1125,273,311,282,275,317
2087,p_2088,0,1112,151,438,286,272,324
2088,p_2089,0,1109,151,463,285,272,310
2089,p_2090,0,1112,193,436,281,275,330
2090,p_2091,0,1100,345,188,281,279,318
2091,p_2092,0,1120,382,207,280,292,318
2092,p_2093,0,943,216,482,290,288,302
2093,p_2094,0,1059,114,118,291,285,329
2094,p_2095,0,949,357,346,290,282,339
2095,p_2096,0,955,331,242,287,290,306
2096,p_2097,0,1058,237,327,289,287,325
2097,p_2098,0,1052,369,351,286,267,320
2098,p_2099,0,1053,270,139,289,271,341
2099,p_2100,1,1041,320,430,278,280,327
2100,p_2101,1,1093,220,242,275,264,310
2101,p_2102,1,1030,382,539,279,278,327
2102,p_2103,1,1040,324,312,277,263,307
2103,p_2104,1,1105,296,298,286,274,306
2104,p_2105,1,1101,335,548,283,259,320
2105,p_2106,1,1040,123,324,283,268,328
2106,p_2107,1,1105,409,287,281,265,329
2107,p_2108,1,1094,229,284,287,272,302
2108,p_2109,1,1103,196,291,284,276,321
2109,p_2110,1,1128,188,452,275,261,312
2110,p_2111,1,1097,85,600,280,262,324
2111,p_2112,1,1119,149,299,280,268,300
2112,p_2113,1,1087,304,267,278,278,328
2113,p_2114,1,1103,143,156,278,268,298
2114,p_2115,1,1112,251,484,277,265,319
2115,p_2116,1,1088,144,374,285,276,325
2116,p_2117,1,1109,136,91,280,278,304
2117,p_2118,1,1109,361,424,277,267,319
2118,p_2119,1,1112,210,293,280,267,306
2119,p_2120,1,1092,351,216,280,264,307
2120,p_2121,1,1110,156,479,280,268,305
2121,p_2122,1,1106,224,475,277,276,325
2122,p_2123,1,1093,93,390,280,266,301
2123,p_2124,1,1094,134,214,279,268,311
2124,p_2125,1,1110,354,124,281,277,318
2125,p_2126,1,1109,314,433,282,262,295
2126,p_2127,1,1105,315,335,282,283,295
2127,p_2128,1,1108,229,179,273,281,328
2128,p_2129,1,1112,157,413,275,284,324
2129,p_2130,1,1096,187,228,276,275,325
2130,p_2131,1,1094,351,610,281,283,309
2131,p_2132,1,1110,448,418,277,276,317
2132,p_2133,1,1032,321,270,281,268,301
2133,p_2134,1,1038,250,368,283,280,314
2134,p_2135,1,1093,114,330,279,280,297
2135,p_2136,1,1092,209,192,276,263,323
2136,p_2137,1,1041,255,329,278,280,305
2137,p_2138,1,1108,304,376,279,277,300
2138,p_2139,1,1036,340,72,284,283,302
2139,p_2140,1,1036,471,402,282,281,315
2140,p_2141,1,1111,439,130,276,280,327
2141,p_2142,1,946,173,367,287,276,335
2142,p_2143,1,947,411,529,283,286,332
2143,p_2144,1,933,172,291,284,282,306
2144,p_2145,1,1008,126,421,288,280,305
2145,p_2146,1,928,180,482,288,281,319
2146,p_2147,1,1012,303,565,287,292,325
2147,p_2148,1,927,46,231,294,287,314
2148,p_2149,1,921,261,589,294,294,326
2149,p_2150,1,998,246,445,292,280,323
2150,p_2151,1,1082,313,102,290,279,312
2151,p_2152,1,1012,276,324,289,289,343
2152,p_2153,1,1091,366,347,295,288,331
2153,p_2154,1,1064,172,233,295,289,318
2154,p_2155,1,1027,217,472,292,288,331
2155,p_2156,1,1077,427,369,290,288,346
2156,p_2157,1,937,160,115,292,281,329
2157,p_2158,1,937,307,425,292,290,344
2158,p_2159,1,926,39,406,293,296,310
2159,p_2160,1,940,192,640,292,288,340
2160,p_2161,1,855,375,541,294,277,331
2161,p_2162,1,1003,350,339,291,279,343
2162,p_2163,1,999,224,562,295,280,332
2163,p_2164,1,995,427,493,293,283,340
2164,p_2165,1,1015,195,48,293,291,336
2165,p_2166,1,926,140,142,292,286,318
2166,p_2167,1,931,131,372,284,281,340
2167,p_2168,1,918,204,349,297,298,318
2168,p_2169,1,974,367,295,301,290,350
2169,p_2170,1,941,232,376,303,291,350
2170,p_2171,1,917,240,413,298,281,317
2171,p_2172,1,927,320,299,296,294,346
2172,p_2173,1,991,364,345,298,302,328
2173,p_2174,1,991,316,313,300,283,324
2174,p_2175,1,1001,424,581,303,288,324
2175,p_2176,1,998,435,181,297,301,349
2176,p_2177,1,1000,300,262,302,290,339
2177,p_2178,1,978,175,381,303,293,318
2178,p_2179,1,1069,327,226,301,294,320
2179,p_2180,1,1065,271,269,300,291,330
2180,p_2181,1,1007,504,348,292,299,329
2181,p_2182,1,990,407,176,300,294,329
2182,p_2183,1,987,267,170,302,300,349
2183,p_2184,1,1085,188,550,298,291,320
2184,p_2185,1,1064,186,441,296,290,327
2185,p_2186,1,1081,387,373,302,287,329
2186,p_2187,1,1066,384,127,299,288,340
2187,p_2188,1,989,172,304,303,304,337
2188,p_2189,1,1005,169,490,297,284,326
2189,p_2190,1,991,174,502,296,288,349
2190,p_2191,0,1058,312,152,287,282,324
2191,p_2192,0,1042,208,118,290,288,328
2192,p_2193,0,1058,176,349,288,288,328
2193,p_2194,0,1055,325,455,288,279,308
2194,p_2195,0,1055,166,302,290,274,312
2195,p_2196,0,1056,348,393,289,275,316
2196,p_2197,0,1069,377,381,284,295,313
2197,p_2198,0,1065,271,302,290,294,306
2198,p_2199,0,1056,284,193,288,287,321
2199,p_2200,0,1055,175,181,287,281,333
2200,p_2201,0,1046,319,126,291,285,313
2201,p_2202,0,1053,193,179,283,282,319
2202,p_2203,0,1067,304,193,284,289,318
2203,p_2204,0,1055,243,436,298,287,344
2204,p_2205,0,1045,97,379,288,280,311
2205,p_2206,0,1045,208,461,284,290,308
2206,p_2207,0,1049,209,246,297,282,339
2207,p_2208,0,1055,351,228,288,275,325
2208,p_2209,0,1155,253,210,289,273,328
2209,p_2210,0,1053,328,443,289,281,335
2210,p_2211,0,1163,241,266,292,279,322
2211,p_2212,0,1155,144,415,289,286,333
2212,p_2213,0,1166,493,377,283,289,311
2213,p_2214,0,1060,246,343,291,271,325
2214,p_2215,0,1174,326,390,293,286,339
2215,p_2216,0,875,235,163,300,295,340
2216,p_2217,0,897,171,737,294,298,331
2217,p_2218,0,878,155,279,293,295,319
2218,p_2219,0,902,192,23,295,283,345
2219,p_2220,0,997,197,391,291,284,346
2220,p_2221,0,888,364,715,295,299,318
2221,p_2222,0,896,263,251,296,288,331
2222,p_2223,0,898,288,71,298,278,323
2223,p_2224,0,888,220,388,298,294,333
2224,p_2225,0,891,221,462,293,290,336
2225,p_2226,0,972,238,121,316,305,358
2226,p_2227,0,972,290,343,308,310,344
2227,p_2228,0,1057,146,155,309,294,348
2228,p_2229,0,1070,271,140,307,300,334
2229,p_2230,0,968,355,481,307,295,336
2230,p_2231,0,1085,259,171,311,292,360
2231,p_2232,0,957,377,562,306,302,353
2232,p_2233,0,1040,237,323,302,302,337
2233,p_2234,0,943,245,380,300,295,347
2234,p_2235,0,964,172,303,312,301,335
2235,p_2236,0,1053,197,216,286,272,335
2236,p_2237,0,1061,131,184,297,289,313
2237,p_2238,0,1053,372,499,286,271,334
2238,p_2239,0,1058,319,349,287,282,324
2239,p_2240,0,1039,230,402,288,284,315
2240,p_2241,0,1047,355,395,288,293,340
2241,p_2242,0,1055,277,314,294,285,326
2242,p_2243,0,1066,190,242,288,297,330
2243,p_2244,0,941,274,672,285,294,326
2244,p_2245,0,960,179,528,290,283,330
2245,p_2246,0,1038,71,527,293,286,334
2246,p_2247,0,970,201,214,282,286,333
2247,p_2248,0,967,388,256,290,275,335
2248,p_2249,0,1059,242,390,305,311,350
2249,p_2250,0,984,48,344,300,298,331
2250,p_2251,0,992,193,440,297,291,314
2251,p_2252,0,989,237,451,293,292,332
2252,p_2253,0,992,458,353,293,286,348
2253,p_2254,0,1017,409,413,297,299,344
2254,p_2255,0,999,286,477,294,298,319
2255,p_2256,0,1139,206,362,309,292,349
2256,p_2257,0,1065,196,507,309,303,333
2257,p_2258,0,987,280,325,294,288,319
2258,p_2259,0,970,295,455,299,296,328
2259,p_2260,0,1044,148,533,290,279,309
2260,p_2261,0,956,172,192,294,286,326
2261,p_2262,0,942,384,526,290,289,314
2262,p_2263,0,1097,307,357,294,285,314
2263,p_2264,0,1101,284,92,293,293,312
2264,p_2265,0,1104,162,379,297,282,323
2265,p_2266,0,1057,312,403,305,307,342
2266,p_2267,0,1087,288,362,310,305,334
2267,p_2268,0,1055,104,340,309,293,347
2268,p_2269,0,1080,279,281,311,309,349
2269,p_2270,0,1070,171,440,302,305,326
2270,p_2271,0,1074,252,506,313,298,327
2271,p_2272,0,1096,328,264,308,312,327
2272,p_2273,0,1076,278,329,306,299,349
2273,p_2274,0,1065,121,203,310,301,349
2274,p_2275,0,1056,164,221,305,296,332
2275,p_2276,0,1187,238,419,310,299,356
2276,p_2277,0,1068,546,628,306,310,343
2277,p_2278,0,962,335,169,312,290,359
2278,p_2279,0,965,198,264,309,306,329
2279,p_2280,0,964,204,361,307,302,331
2280,p_2281,1,919,68,309,310,292,339
2281,p_2282,1,975,64,230,306,293,355
2282,p_2283,1,999,251,459,310,298,326
2283,p_2284,1,997,283,57,305,288,356
2284,p_2285,1,1061,191,372,310,306,336
2285,p_2286,1,977,187,559,312,304,358
2286,p_2287,1,889,146,96,301,301,345
2287,p_2288,1,991,302,326,313,295,337
2288,p_2289,1,993,177,300,300,304,351
2289,p_2290,1,899,284,413,308,308,324
2290,p_2291,1,1006,278,397,308,296,341
2291,p_2292,1,1012,338,300,304,307,355
2292,p_2293,1,982,186,378,312,309,333
2293,p_2294,1,987,274,331,310,299,341
2294,p_2295,1,990,159,499,306,303,337
2295,p_2296,1,987,188,343,313,307,337
2296,p_2297,1,987,322,193,304,307,330
2297,p_2298,1,987,154,452,306,309,330
2298,p_2299,1,977,123,74,307,293,339
2299,p_2300,1,903,400,546,300,296,350
2300,p_2301,1,1091,341,482,304,295,346
2301,p_2302,1,1073,385,437,307,305,322
2302,p_2303,1,1058,308,369,306,296,343
2303,p_2304,1,991,204,493,312,316,358
2304,p_2305,1,981,150,321,314,309,348
2305,p_2306,1,982,101,342,316,304,355
2306,p_2307,1,971,586,415,314,314,348
2307,p_2308,1,977,143,314,317,315,367
2308,p_2309,1,995,516,106,316,306,338
2309,p_2310,1,986,157,428,317,307,343
2310,p_2311,1,978,102,147,313,298,359
2311,p_2312,1,997,294,268,313,318,336
2312,p_2313,1,983,177,189,320,308,358
2313,p_2314,1,973,181,359,319,304,358
2314,p_2315,1,997,239,175,319,306,359
2315,p_2316,1,985,238,519,310,310,335
2316,p_2317,1,985,213,206,322,309,361
2317,p_2318,1,985,236,269,316,301,362
2318,p_2319,1,986,300,430,318,309,342
2319,p_2320,1,971,281,390,312,305,341
2320,p_2321,1,1002,151,181,314,312,344
2321,p_2322,1,989,372,339,315,298,365
2322,p_2323,1,984,204,85,315,300,364
2323,p_2324,1,991,217,658,314,303,358
2324,p_2325,1,998,264,474,317,316,350
2325,p_2326,1,1014,304,268,316,308,353
2326,p_2327,1,1070,241,267,312,320,337
2327,p_2328,1,988,158,747,311,316,358
2328,p_2329,1,987,313,555,306,312,343
2329,p_2330,1,994,115,452,320,321,344
2330,p_2331,1,992,133,257,319,312,357
2331,p_2332,1,994,255,283,326,310,353
2332,p_2333,1,1007,207,232,323,304,366
2333,p_2334,1,988,106,257,323,319,364
2334,p_2335,1,982,419,280,324,306,358
2335,p_2336,1,987,322,500,322,321,369
2336,p_2337,1,994,175,471,324,322,362
2337,p_2338,1,997,233,258,320,311,347
2338,p_2339,1,990,474,286,323,327,341
2339,p_2340,1,986,394,225,320,322,350
2340,p_2341,1,978,320,319,324,305,360
2341,p_2342,0,1111,287,455,316,307,354
2342,p_2343,0,1099,387,159,311,302,345
2343,p_2344,0,1130,316,263,313,302,339
2344,p_2345,0,1102,100,600,321,298,336
2345,p_2346,0,1111,345,411,314,294,356
2346,p_2347,0,1121,358,287,317,306,336
2347,p_2348,0,1214,230,225,313,311,364
2348,p_2349,0,1107,479,302,314,316,347
2349,p_2350,0,1222,224,718,317,319,332
2350,p_2351,0,1237,243,416,311,301,344
2351,p_2352,0,1226,287,466,315,315,363
2352,p_2353,0,1115,249,678,319,311,333
2353,p_2354,0,1102,230,385,313,306,331
2354,p_2355,0,1118,273,375,318,313,366
2355,p_2356,0,1215,320,548,314,312,342
2356,p_2357,0,1004,208,363,318,296,337
2357,p_2358,0,1004,278,338,312,310,335
2358,p_2359,0,1011,171,616,315,314,350
2359,p_2360,0,1012,327,214,315,308,344
2360,p_2361,0,1254,366,121,321,314,343
2361,p_2362,0,1382,310,227,319,314,368
2362,p_2363,0,1257,293,132,316,322,357
2363,p_2364,0,1375,328,341,324,305,375
2364,p_2365,0,1269,301,90,322,311,349
2365,p_2366,0,1251,631,364,323,314,364
2366,p_2367,0,918,245,501,321,311,363
2367,p_2368,0,922,222,639,327,310,360
2368,p_2369,0,1050,150,643,321,312,369
2369,p_2370,0,914,166,487,320,311,359
2370,p_2371,0,1036,275,467,320,305,352
2371,p_2372,0,931,209,123,319,320,342
2372,p_2373,0,912,252,253,319,316,362
2373,p_2374,0,936,175,162,325,317,357
2374,p_2375,0,918,198,385,317,309,343
2375,p_2376,0,934,177,262,324,325,372
2376,p_2377,0,920,198,460,321,318,371
2377,p_2378,0,917,187,826,315,303,348
2378,p_2379,0,936,303,618,322,322,369
2379,p_2380,0,935,141,318,315,312,360
2380,p_2381,0,1025,53,440,316,326,362
2381,p_2382,0,1039,354,400,325,304,347
2382,p_2383,0,1155,239,560,323,315,358
2383,p_2384,0,1025,281,361,324,313,345
2384,p_2385,0,1049,201,131,322,315,338
2385,p_2386,0,916,283,532,318,317,349
2386,p_2387,0,1021,229,383,322,321,354
2387,p_2388,0,1147,364,178,325,321,363
2388,p_2389,0,1168,286,102,325,322,354
2389,p_2390,0,1184,145,370,331,320,353
2390,p_2391,0,1171,145,197,329,317,354
2391,p_2392,0,1182,341,690,331,326,351
2392,p_2393,0,1178,271,468,332,323,350
2393,p_2394,0,1156,259,300,323,330,376
2394,p_2395,0,1190,193,288,324,322,347
2395,p_2396,0,1171,128,240,325,310,364
2396,p_2397,0,1174,279,259,331,316,352
2397,p_2398,0,1165,345,384,328,313,370
2398,p_2399,0,1066,88,120,332,310,382
2399,p_2400,0,1281,273,203,330,318,375
2400,p_2401,0,1289,239,406,333,308,372
2401,p_2402,0,1275,202,386,329,317,365
2402,p_2403,0,1285,341,387,325,331,376
2403,p_2404,0,1264,187,465,326,327,358
2404,p_2405,1,910,283,317,325,310,345
2405,p_2406,1,991,261,572,324,322,360
2406,p_2407,1,904,284,246,327,313,359
2407,p_2408,1,900,403,423,327,322,354
2408,p_2409,1,909,462,209,326,323,364
2409,p_2410,1,994,126,200,330,320,357
2410,p_2411,1,994,298,154,325,316,360
2411,p_2412,1,903,299,591,326,318,360
2412,p_2413,1,893,108,659,333,314,363
2413,p_2414,1,904,337,290,329,316,353
2414,p_2415,1,990,196,148,333,314,360
2415,p_2416,1,908,172,257,331,323,375
2416,p_2417,1,898,145,394,328,311,356
2417,p_2418,1,996,370,359,326,328,366
2418,p_2419,1,988,236,310,327,313,364
2419,p_2420,1,986,265,263,333,321,365
2420,p_2421,1,984,340,350,332,314,345
2421,p_2422,1,988,126,486,329,309,354
2422,p_2423,1,1011,219,200,330,320,353
2423,p_2424,1,1075,264,566,329,319,375
2424,p_2425,1,1054,432,166,328,318,360
2425,p_2426,1,1253,211,151,326,312,369
2426,p_2427,1,1248,376,481,331,327,364
2427,p_2428,1,1246,162,583,330,311,377
2428,p_2429,1,1238,136,182,324,319,377
2429,p_2430,1,1274,352,627,330,325,369
2430,p_2431,1,1257,510,127,335,315,350
2431,p_2432,1,1227,101,288,329,317,346
2432,p_2433,1,1242,336,325,329,328,372
2433,p_2434,1,1233,291,295,329,321,377
2434,p_2435,1,1240,273,669,328,328,370
2435,p_2436,1,1158,319,403,327,326,372
2436,p_2437,1,1146,173,508,332,326,376
2437,p_2438,1,1257,145,578,327,330,363
2438,p_2439,1,997,281,572,331,319,376
2439,p_2440,1,1069,411,335,328,334,354
2440,p_2441,1,1065,252,544,323,327,361
2441,p_2442,1,1076,298,389,333,330,360
2442,p_2443,1,1091,326,164,329,317,346
2443,p_2444,1,1078,208,494,326,317,368
2444,p_2445,1,979,172,368,328,323,376
2445,p_2446,1,979,345,324,328,327,376
2446,p_2447,1,1075,304,317,326,320,377
2447,p_2448,1,996,277,147,329,316,356
2448,p_2449,1,1079,261,238,331,320,367
2449,p_2450,1,996,240,380,330,312,360
2450,p_2451,1,1053,409,289,323,315,379
2451,p_2452,1,926,244,152,331,332,358
2452,p_2453,1,904,231,236,335,336,382
2453,p_2454,1,911,265,296,328,325,385
2454,p_2455,1,886,107,582,333,337,384
2455,p_2456,1,984,377,345,334,316,368
2456,p_2457,1,1010,204,358,328,334,383
2457,p_2458,1,924,209,238,332,317,369
2458,p_2459,1,914,389,378,330,325,358
2459,p_2460,1,973,412,407,334,331,361
2460,p_2461,1,984,370,197,333,331,351
2461,p_2462,1,916,106,502,337,324,385
2462,p_2463,1,997,227,398,335,323,367
2463,p_2464,1,1000,287,677,330,321,360
2464,p_2465,1,986,297,324,333,325,376
2465,p_2466,1,995,141,398,339,323,364
2466,p_2467,1,995,280,547,336,325,361
2467,p_2468,1,1005,404,464,341,327,384
2468,p_2469,1,1071,383,379,332,336,353
2469,p_2470,0,1283,283,437,330,330,352
2470,p_2471,0,1286,277,318,327,321,364
2471,p_2472,0,1278,398,342,330,318,379
2472,p_2473,0,1096,253,556,336,328,363
2473,p_2474,0,1203,256,377,338,333,352
2474,p_2475,0,1114,250,263,336,320,354
2475,p_2476,0,1102,161,632,335,322,368
2476,p_2477,0,1081,233,525,332,320,365
2477,p_2478,0,1218,379,424,348,343,391
2478,p_2479,0,1210,192,384,349,335,369
2479,p_2480,0,1329,148,200,349,331,394
2480,p_2481,0,1207,279,453,346,341,375
2481,p_2482,0,1222,340,195,339,342,374
2482,p_2483,0,1224,308,414,352,334,370
2483,p_2484,0,1222,158,511,341,332,387
2484,p_2485,0,1103,249,358,347,336,398
2485,p_2486,0,1227,176,152,350,333,395
2486,p_2487,0,1115,280,242,344,347,379
2487,p_2488,0,1128,284,202,346,341,371
2488,p_2489,0,1013,272,61,341,342,370
2489,p_2490,0,1102,358,223,339,331,362
2490,p_2491,0,1118,221,427,346,337,367
2491,p_2492,0,1115,265,233,343,343,366
2492,p_2493,0,1108,209,171,348,347,379
2493,p_2494,0,1107,199,358,349,344,380
2494,p_2495,0,1021,365,383,350,328,367
2495,p_2496,0,1009,198,415,343,330,366
2496,p_2497,0,1002,120,68,343,340,363
2497,p_2498,0,1112,97,435,338,348,382
2498,p_2499,0,1120,287,67,345,336,392
2499,p_2500,0,1100,156,515,344,344,389
2500,p_2501,0,1122,198,348,338,336,393
2501,p_2502,0,1115,471,233,341,343,375
2502,p_2503,0,1112,309,467,343,344,369
2503,p_2504,0,1108,124,132,345,348,362
2504,p_2505,0,1114,248,418,344,330,391
2505,p_2506,0,1010,319,678,352,333,383
2506,p_2507,0,1018,318,228,349,344,384
2507,p_2508,0,1023,316,132,348,331,393
2508,p_2509,0,1027,140,226,341,331,392
2509,p_2510,0,1011,414,378,344,326,388
2510,p_2511,0,1222,272,456,347,340,396
2511,p_2512,0,1112,228,265,342,342,395
2512,p_2513,0,1211,79,248,349,333,383
2513,p_2514,0,1130,304,299,340,328,381
2514,p_2515,0,1114,261,312,347,327,391
2515,p_2516,0,1233,390,490,346,342,364
2516,p_2517,0,1122,199,383,340,350,371
2517,p_2518,0,1107,252,330,343,331,365
2518,p_2519,0,1210,365,242,339,348,372
2519,p_2520,0,1228,401,348,347,330,375
2520,p_2521,0,1228,146,171,345,343,383
2521,p_2522,0,1126,377,316,345,333,370
2522,p_2523,0,1215,373,551,346,342,385
2523,p_2524,0,1111,237,258,342,345,392
2524,p_2525,0,1225,416,386,346,340,386
2525,p_2526,1,939,221,193,348,339,361
2526,p_2527,1,912,466,404,340,331,385
2527,p_2528,1,1012,244,510,343,326,386
2528,p_2529,1,1025,247,293,340,336,366
2529,p_2530,1,1008,149,235,342,340,377
2530,p_2531,1,1014,283,626,344,339,388
2531,p_2532,1,1089,75,191,338,334,384
2532,p_2533,1,1002,305,164,338,323,384
2533,p_2534,0,1037,467,297,354,354,403
2534,p_2535,0,1030,276,342,351,345,380
2535,p_2536,0,1016,210,319,351,342,391
2536,p_2537,0,1017,370,417,351,334,405
2537,p_2538,0,1012,288,365,352,354,402
2538,p_2539,0,1129,272,512,348,351,398
2539,p_2540,0,1153,254,394,356,350,385
2540,p_2541,0,1160,425,189,357,360,381
2541,p_2542,0,1141,305,95,357,351,376
2542,p_2543,0,1141,293,576,358,347,399
2543,p_2544,0,1156,388,460,358,347,378
2544,p_2545,0,1164,184,571,360,342,407
2545,p_2546,0,1167,197,141,352,345,386
2546,p_2547,0,1260,154,343,355,352,383
2547,p_2548,0,1228,275,499,352,354,385
2548,p_2549,0,1239,238,347,355,343,374
2549,p_2550,0,1257,103,276,350,349,382
2550,p_2551,0,1243,417,214,362,346,375
2551,p_2552,0,1127,126,120,350,338,401
2552,p_2553,0,1161,168,471,351,354,405
2553,p_2554,0,1131,427,244,357,344,402
2554,p_2555,0,1150,201,753,352,336,402
2555,p_2556,0,1154,185,379,358,339,393
2556,p_2557,0,1127,287,365,351,352,404
2557,p_2558,0,1167,216,252,363,350,380
2558,p_2559,0,1042,295,401,355,345,401
2559,p_2560,0,1051,243,353,363,346,408
2560,p_2561,0,1145,198,116,358,345,388
2561,p_2562,0,1166,271,154,361,365,411
2562,p_2563,0,1159,214,337,361,356,414
2563,p_2564,0,1168,248,291,363,358,384
2564,p_2565,0,1056,280,231,362,363,411
2565,p_2566,0,1152,244,554,364,352,415
2566,p_2567,0,1062,323,390,364,348,409
2567,p_2568,0,1146,328,337,365,353,400
2568,p_2569,0,1264,256,578,368,360,390
